BENZOL WASHER INLET GAS TEMP,BENZOL WASHER  INLET OIL TEMP,RICH OIL FLOW(M3/hr),DISTILLATION COLUMN MIDDLE TEMP,STEAM FLOW TO REGENERATOR (T/hr),STEAM TEMP TO REGENERTOR ,DISTILLATION COLUMN TOP TEMP,DISTILLATION COLUMN BOTTOM TEMP,PRODUCTION (TON),PRODUCT TEMP,PIPEHEATER MIDDLE TEMP,STEAM INLET TEMP TO PIPEHEATER
,27.58,65.39,°C,2.41,340.52,94.27,168.22,26.09,36.29,390.58,133.11
27.58,27.39,65.58,97.12,2.41,341.95,94.3,168.92,27.43,36.2,392.79,134.12
27.39,27.59,65.43,99.59,2.4,339.89,94.29,168.18,26.01,35.32,391.8,134.66
27.59,28.11,65.46,97.03,2.33,338.7,94.03,167.7,25.11,36.4,391.7,135.75
28.11,28.6,65.09,95.6,2.37,339,94.3,167,25.29,36.3,387.9,135.33
28.6,28,64.22,96.4,2.41,337.9,94.4,164,22.64,36.4,391.2,134.04
28,28.6,63.8,95.9,2.36,330.9,94.29,159.4,23.26,36.21,389.5,134.16
28.6,28.9,64.15,95.6,2.39,330.9,94.3,164.9,23.25,36,386.5,136.91
28.9,28.98,62.6,96.3,2.33,334.71,94.28,166.43,24.42,35.52,388.11,140.2
28.98,28.2,63.94,96.45,2.35,337.08,93.92,168.1,25.04,36.31,391.17,147.04
28.2,27.52,64,96.72,2.39,335.91,94.26,169.14,25.83,35.8,388.72,149.88
27.52,27.4,65.11,98.32,2.4,336.04,94.28,170.323,25.2,36.81,388.09,147.79
27.4,28.29,65.16,101.12,2.4,339.66,94.29,168.82,25.2,35.86,385.73,150.12
28.29,27.65,65.9,98.21,2.37,335.04,94.26,166.67,24.14,35.84,385.81,150.12
27.65,27.2,65.44,96.6,2.36,326.5,94.29,162.23,25.29,34.7,383.4,144.45
27.2,27.83,65,94.9,2.39,333.1,94.27,165.5,25.74,34.5,396,148.75
27.83,27.89,65.16,96.13,2.4,334.63,94.21,166.77,26.98,34.74,396.84,150.54
27.89,28.19,65.3,97.31,2.37,335.17,94.1,166.8,27.42,35.4,398.41,149.9
28.19,28.2,65.76,98.2,2.36,346.45,94.08,166.85,26.28,35.72,402.49,151.87
28.2,28.07,65.59,96.65,2.36,333.86,94.3,163.36,27.15,34.06,403.12,149.4
28.07,28.15,65.92,96.68,2.37,333.56,94.28,164.8,27.51,34.56,402.11,149.33
28.15,27.95,66.16,95.38,2.37,327.57,94.29,164.09,26.9,34.54,399.49,143.7
27.95,27.88,65.41,96.38,2.38,328.44,94.37,164.77,28.21,34.88,400.44,152.08
27.88,28.24,65.29,96.27,2.37,333.29,94.38,164.17,28.39,34.6,399.4,153.41
28.24,27.89,64.53,96.22,2.39,337.4,94.59,167.04,28.74,36.12,403.04,150.88
27.89,12.83,65.38,96.31,2.39,344.91,94.6,167.38,28.56,36.48,393.7,153.41
27.73,12.89,65.31,97.26,2.38,339.07,94.3,168.99,28.65,38.2,390.26,151.33
28.01,23.42,65.04,97.19,2.38,292.65,0,0,0,0,393.27,144.9
24.39,27.98,65,0,2.38,338.41,94.27,168,24.89,36.16,390.78,134.45
27.98,28.4,63.97,0,2.37,335.2,94.25,163.68,24.07,36.08,389.01,139.65
28.4,27.78,65.3,0,2.38,334.31,94.24,166.08,25.71,35.41,390.61,149.19
27.78,28.05,65.52,0,2.37,334.37,94.33,165.01,27.6,34.93,401.44,149.8
28.05,31.1,61.32,94.54,175.47,38.24,318.18,0,0,0,0,-47.32
0,30.63,61.46,94.75,179.03,38.5,331.31,0,0,0,0,-45.17
0,31.27,61.31,94.67,180.8,38.77,335.02,0,0,0,0,-44.7
0,32.23,61.4,95.22,180.68,39.48,331.09,0,0,0,0,-44.53
0,36.6,61.97,95.42,182.72,39.48,340.37,0,0,0,0,-43.72
0,33.31,61.73,95.48,184.8,40.03,345.4,0,0,0,0,-44.1
0,32.04,32.93,80.84,139.13,19.62,221.39,0,0,0,0,-33.58
0,30.41,58.71,91.15,182.57,39.2,320.17,0,0,0,0,-48.85
0,30.24,61.99,95.14,173.89,37.26,330.4,0,0,0,0,-44.49
0,29.6,57.48,95.28,185.22,39.18,337.55,0,0,0,0,-44.51
0,30.71,61.81,95.72,180.18,39.85,336.63,0,0,0,0,-44.16
0,30.42,61.32,94.67,181.92,39.42,335.92,0,0,0,0,-48.29
0,30.64,61.64,95.15,182.01,40.31,339.14,0,0,0,0,-43.64
0,30.42,61.5,94.86,181.47,40.18,338.47,0,0,0,0,-43.81
0,30.85,61.8,94.78,182.96,39.97,343.51,0,0,0,0,-47.27
0,30.9,61.5,94.33,181.04,38.98,332.1,0,0,0,0,-45.31
0,39.78,51.89,0,99.14,25.97,297.2,0,0,0,0,-36.27
0,30.6,61.18,0,174.93,37.19,314.32,0,0,0,0,-37.72
0,31.94,61.61,0,181.34,30.99,331.9,0,0,0,0,-38.13
0,30.4,61.55,0,183.46,34.14,338.62,0,0,0,0,-37.73
0,30.85,61.96,78.85,183.13,38.69,336.39,0,0,0,0,-36.26
0,30.69,60.43,95.4,182.81,38.96,333.02,0,0,0,0,-34.72
0,30.79,61.82,94.63,183.87,38.43,334.8,0,0,0,0,-36.04
0,30.99,61.66,94.81,182.91,39.76,331.4,0,0,0,0,-37.21
0,30.9,61.53,94.58,182.64,40.11,327.42,0,0,0,0,-38.49
0,31.13,60.49,94.69,191.45,40.95,324.33,0,0,0,0,-40.41
0,30.69,62.25,94.51,182.69,38.71,331.35,0,0,0,0,-39.53
0,30.09,61.59,94.43,183.87,37.65,332.9,0,0,0,0,-41.17
0,30.2,62.11,94.19,185.58,38.17,334.86,0,0,0,0,-41.39
0,30.21,61.6,94.5,183.31,39.03,328.51,0,0,0,0,-41.33
0,30.77,61.25,94.25,184.35,39.37,328.29,0,0,0,0,-40.14
0,30.19,61.7,94.06,184.64,38.94,331.09,0,0,0,0,-39.29
0,30.82,61.61,94.34,185.84,39.29,328.71,0,0,0,0,-38.04
0,31.44,61.47,94.27,184.49,39.15,324.41,0,0,0,0,-39.52
0,30.54,61.71,94.92,186.74,39.16,319.23,0,0,0,0,-40.57
0,29.54,60.81,94.3,181.13,38.2,314.08,0,0,0,0,-39.84
0,30.52,61.2,94.51,185.67,39.47,321.72,0,0,0,0,-39.92
0,30.62,61.43,94.33,180.72,38.75,326.72,0,0,0,0,-40.52
0,30.47,61.63,94.66,180.23,39.48,334.88,0,0,0,0,-39.2
0,31.14,61.66,93.42,180.9,39.31,335.22,0,0,0,0,-38.53
0,30.8,62.06,94.17,181.5,38.88,332.61,0,0,0,0,-39.37
0,30.04,62.11,94.92,182.71,39.07,330.86,0,0,0,0,-39.47
0,31.08,62.02,94.43,182.9,39.44,331.29,0,0,0,0,-39.24
0,30.02,61.91,95.18,182.82,38.97,330.84,0,0,0,0,-44.05
0,30.98,62.22,95.03,183.79,39.11,333.66,0,0,0,0,-40.85
0,30.57,62.17,95.3,184.62,38.85,332.02,0,0,0,0,-41.27
0,30.52,61.8,95.1,184.29,38.77,331.55,0,0,0,0,-40.08
0,30.87,62.12,94.39,185.2,38.22,330.52,0,0,0,0,-39.21
0,30.92,62.06,94.51,183.56,38.62,331.92,0,0,0,0,-39.98
0,30.01,61.92,94.61,179.35,39.45,330.68,0,0,0,0,-40.23
0,30.45,61.84,94.98,180.85,38.68,326.33,0,0,0,0,-40.26
0,30.18,61.38,94.8,180.76,38.37,325.78,0,0,0,0,-40.82
0,30.64,62.06,94.6,181.73,38.63,325.04,0,0,0,0,-40.29
0,30.46,61.81,94.9,182.25,38.79,323.67,0,0,0,0,-38.43
0,30.55,61.81,94.63,182.55,39.03,324.8,0,0,0,0,-38.06
0,30.63,61.95,93.9,181.6,40.31,322.75,0,0,0,0,-45.45
0,30.08,62.08,94.42,183.21,39.13,327,0,0,0,0,-39.88
0,30.32,62.04,95.08,182.42,39.09,334.38,0,0,0,0,-38.23
0,30.47,62.16,95.28,185.27,38.87,336.41,0,0,0,0,-39.65
0,30.94,62.1,156.77,185.02,39.02,335.36,0,0,0,0,-40.48
0,31.15,62.16,155.8,185.54,39.35,336.19,0,0,0,0,-41.33
0,30.61,62.77,156.53,186.33,39.28,337.4,0,0,0,0,-38.36
0,31.01,62.31,155.52,185.01,39.09,336.43,0,0,0,0,-42.51
0,31.52,62.05,154.75,180.42,39.39,335.02,0,0,0,0,-33.33
0,33.7,62.47,155.86,181.21,39.29,335.56,0,0,0,0,-38.01
0,29.52,56.55,156.02,165.28,35.76,304.4,0,0,0,0,-46.46
0,35.99,54.21,154.12,152.62,28.12,288.36,0,0,0,0,-34.03
0,32.57,61.92,155.24,182.65,39.69,334.12,0,0,0,0,-41.04
0,30.8,61.99,154.56,183.17,39.36,335.02,0,0,0,0,-39.3
0,31.22,61.93,141.65,182.99,39.34,334.2,0,0,0,0,-39.5
0,30.79,62.14,137.7,183.66,40,332.68,0,0,0,0,-38.65
0,9.22,62.26,156.72,183.74,39.68,331.81,0,0,0,0,-38.41
0,32.55,61.91,158.17,183.35,38.85,329.28,0,0,0,0,-37.91
0,32.46,61.94,157.3,183.41,38.94,330.31,0,0,0,0,-37.64
0,32.48,61.6,157.7,183.34,40.01,342.24,0,0,0,0,-38.4
0,32.01,61.61,156.58,185.43,39.96,346.71,0,0,0,0,-39.05
0,32.86,61.8,155.55,184.7,40.2,339.58,0,0,0,0,-38.69
0,32.18,61.75,155.3,182.96,39.68,335.38,0,0,0,0,-38.47
0,32.4,61.77,155.65,183.84,39.67,334.12,0,0,0,0,-38.4
0,32.38,61.91,163.75,182.32,40.22,327.04,0,0,0,0,-37.4
0,33.93,0,164.92,181.37,40.2,322.75,0,0,0,0,-36.89
0,35.53,31.66,155.61,141.1,21,19.16,0,0,0,0,-26.25
0,32.51,58.82,156.37,168.86,38.04,318.81,0,0,0,0,-37.58
0,32.22,61.63,153.56,180.98,39.79,323.41,0,0,0,0,-38.44
0,31.24,61.58,152.56,181.91,40.16,324,0,0,0,0,-39.96
0,31.32,61.37,124,185.23,39.85,334.99,0,0,0,0,-41.56
0,83.39,109.49,148.13,76.16,69.23,74.32,52.82,50.89,50.89,115.58,99.89
87.44,32.62,60.14,150.64,185.43,41.12,333.84,0,0,0,0,-36.64
30.26,30.82,61.39,151.72,184.3,40.45,334.96,0,0,0,0,-36.39
30.22,31.24,62.03,154.11,184.61,40.48,335.3,0,0,0,0,-36.86
30.53,30.42,61.8,96.22,183.2,40.48,34.29,0,0,0,0,-36.95
30.31,30.42,61.76,95.53,183.2,40.48,334.29,0,0,0,0,-37.64
30.12,31.48,61.67,95.43,184.78,40.25,340.96,0,0,0,0,-37.58
30.08,31.56,61.82,95.4,184.4,40.05,341.15,0,0,0,0,-36.82
29.95,30.93,61.47,85.4,185.85,40.21,340.8,0,0,0,0,-37.62
30.88,31.78,62.24,95.18,185.31,39.46,348.92,0,0,0,0,-38.94
32.69,0,0,95.01,0,0,0,0,0,0,0,0
32.15,30.7,62.31,95.4,184.2,39.5,345.9,0,0,0,0,0
29.5,32.62,60.14,95.01,185.43,41.12,333.84,0,0,0,0,-36.64
30.6,32.78,60.09,94.6,184.63,41.09,341.26,0,0,0,0,-35.47
30.6,31.31,62.01,96.22,185.43,40.7,359.82,0,0,0,0,-51.2
30.8,31.4,61.43,94.9,184.24,40.31,359.21,0,0,0,0,-59.46
30.75,31.72,62.03,95.38,186.3,40.42,363.5,0,0,0,0,-50.38
30.28,32.67,62.18,95.44,186.92,41.35,358.16,0,0,0,0,-48.22
30.12,31.52,62.08,95.33,187.48,41.71,335.38,0,0,0,0,-50.37
31.04,31.86,62.23,95.28,186.24,41.61,334.89,0,0,0,0,-51.12
30.5,31.28,62.13,95.31,183.77,41.63,352.58,0,0,0,0,-51.18
31.29,31.7,62.21,95.17,183.76,41.47,353.11,0,0,0,0,-51.12
31.72,31.01,62,95.73,185.1,41.38,355.47,0,0,0,0,-50.83
31.68,31.92,61.99,95.93,186.3,41.23,353.63,0,0,0,0,-50.74
31.01,31.7,62.01,95.56,184.17,40.21,353.8,0,0,0,0,-49.42
31.11,32.07,62.12,95.15,182.27,40.17,350.9,0,0,0,0,-49.29
32.37,32.07,62.24,95.6,184.36,40.44,344.78,0,0,0,0,-49.5
30.7,87.43,116.17,95.41,77.67,70.61,74.58,52.24,50.11,50.11,122.69,108.08
89,31.97,61.69,95.59,183.38,40.24,340,0,0,0,18,-49.36
0,34.66,24.07,3343.08,131.3,12.95,183.99,0,0,0,0,-23.35
0,33.29,60.17,97.8,154.58,35.32,320.51,0,0,0,0,-52.47
0,32.45,61.85,62.15,180.7,39.7,327.25,0,0,0,0,-51.1
0,31.92,62.02,92.5,179.57,39.68,328.12,0,0,0,0,-52.78
0,31.92,62.52,95.63,182.82,39.72,328.18,0,0,0,0,-52.01
0,33.32,36.51,96.01,137.88,18.98,206.98,0,0,0,0,-41.28
0,32.54,61.9,96.92,180.03,39.56,333.01,0,0,0,0,-53.71
0,32.47,62.17,69.34,183.7,40.13,334.4,0,0,0,0,-52.71
0,32.79,62.3,96.12,183.89,39.43,338.4,0,0,0,0,-54.2
0,31.72,62.23,95.12,183.54,39.26,339.08,0,0,0,0,-55
0,31.87,62.22,94.69,184.61,39.56,340.12,0,0,0,0,-54.74
0,31.42,62.43,94.69,184.65,39.1,341.57,0,0,0,0,-53.49
0,31.84,62.31,95.04,184.77,40.25,336.76,0,0,0,0,-54.64
0,33.23,62.19,94.57,185.31,40.05,335.24,0,0,0,0,-45.11
0,32.94,61.2,95.03,185.53,39.38,336.5,0,0,0,0,-50.97
0,32.85,62.81,95.69,186.39,39.2,340.8,0,0,0,0,-51.38
0,32.68,62.28,95.4,178.29,40.26,341.66,0,0,0,0,-51.26
0,33.85,62.07,95.46,179.9,39.88,334.73,0,0,0,0,-53.72
0,32.84,61.83,95.33,179.61,39.42,333.13,0,0,0,0,-52.88
0,37.75,62.04,95.89,182.17,39.07,334.13,0,0,0,0,-51.03
0,36.72,62.08,95.84,182.31,39.12,335.13,0,0,0,0,53.57
0,37.27,62.13,95.56,183.51,39.38,336.13,0,0,0,0,-51.71
0,32.07,62.26,95.83,182.5,39.77,334.45,0,0,0,0,-52.17
0,30.8,62.11,95.89,181.56,39.41,331.09,0,0,0,0,-56.96
0,30.05,61.82,95.84,178.41,39.12,328.25,0,0,0,0,-68.88
0,34.01,62.16,91.97,181.12,39.11,330.76,0,0,0,0,-57.05
0,31.42,62.18,92.23,182.42,39.19,331.39,0,0,0,0,-54.21
0,37.26,62.13,93.86,183.34,39.72,332.72,0,0,0,0,-50.61
0,31.26,62.23,94.29,182.58,39.38,331.62,0,0,0,0,-51.64
0,30.97,62.02,95.7,180.2,40.28,333.48,0,0,0,0,-51.55
0,87.98,115.21,95.57,78.67,72.02,74.56,53,50.99,50.99,122.21,107.96
86.46,31.73,61.89,95.93,183.19,39.65,340.37,0,0,0,0,-51.84
0,33.4,61.83,96.47,182.52,40.6,344.65,0,0,0,0,-52.84
0,32.95,59.42,95.24,178.52,36.65,329.66,0,0,0,0,-54.96
0,32.21,62.1,73.75,182.99,38.7,349,0,0,0,0,-53.63
0,31.94,61.77,94.37,183.01,38.64,347,0,0,0,0,-52.75
0,32.53,62.05,95.34,184,38.95,350.22,0,0,0,0,-51.13
0,36.59,58.47,95.46,172,30.16,309.29,0,0,0,0,-46.25
0,32.18,62.18,95.33,181.94,39.35,330.29,0,0,0,0,-49.68
0,32.44,62.02,95.29,183.91,40.33,332.88,0,0,0,0,-49.6
0,32.15,62.77,94.87,185.08,40.45,339.07,0,0,0,0,-48.79
0,32.3,62.62,94.31,183.53,40.35,333.8,0,0,0,0,-51.95
0,32.73,62.5,94.52,182.17,40.25,339.1,0,0,0,0,-50.43
0,32.44,61.66,94.8,182.31,40.27,338.88,0,0,0,0,-51.45
0,32.79,62.13,95.05,182.27,39.8,339.42,0,0,0,0,-50.92
0,33.31,62.28,94.77,182.49,39.74,337.82,0,0,0,0,-48.33
0,32.94,62.31,94.97,183.74,39.92,338.42,0,0,0,0,-50.21
0,31.72,62.16,94.73,183.46,39.56,337.88,0,0,0,0,-47.5
0,31.64,62.03,94.81,183.77,39.45,337.44,0,0,0,0,-48.23
0,31.53,61.73,95.49,182.86,39.18,341.19,0,0,0,0,-48.7
0,31.8,62.12,95.26,184.87,39.42,342.19,0,0,0,0,-48.45
0,31.76,62.43,95.44,184.53,39.45,340.39,0,0,0,0,-47.43
0,31.52,62.21,95.25,184.19,39.47,337,0,0,0,0,-47.93
0,32.23,62.12,57.45,184.87,40.15,337.4,0,0,0,0,-49.56
0,32.15,62.17,59.53,183.75,40.17,335.41,0,0,0,0,-48.6
0,34.19,62.29,95,180.15,39.83,334.2,0,0,0,0,-49.71
0,34.17,62.29,95.39,180.39,39.51,334.58,0,0,0,0,-49.78
0,31.92,62.33,96.2,181.44,39.32,337.43,0,0,0,0,-48.63
0,34.04,62.29,95.63,181.53,40.22,333.1,0,0,0,0,-48.85
0,33.8,62,95.5,181.4,39.88,332.29,0,0,0,0,-46.72
0,33.29,62.1,95.6,182.52,39.8,336.87,0,0,0,0,-49.11
0,31.37,61.77,95.8,182.39,39.66,337.42,0,0,0,0,-47.35
0,32.64,61.94,92.05,182.44,39.32,337.25,0,0,0,0,-49.72
0,0,0,95.12,0,0,0,0,0,0,0,0
0,33.05,61.08,95.2,180.89,37.62,338.6,0,0,0,0,-51.91
0,32.54,62.27,94.9,182.96,40.07,336.41,0,0,0,0,-50.14
0,31.84,62.14,95.1,183.92,39.49,339.22,0,0,0,0,-48.35
0,93.52,107.99,95.1,182.01,39.86,335.16,0,0,0,102.72,88.14
87.7,0,61.67,95.4,2.37,0,93.891,171.66,28.22,32.71,413.74,141.1
0,0,61.93,95.42,2.39,0,94,171.89,28.22,31.73,410.42,142.79
0,0,62.25,94.93,2.4,0,93.97,171,29.01,32.48,409.21,151.32
0,0,62.11,95.55,2.41,0,93.98,171.14,29.01,31.78,413.35,151.23
0,0,62.05,95.25,2.4,0,93.96,170.7,28.66,32.02,412.85,151.29
0,0,62.05,95.46,2.4,0,93.94,168.25,29.36,31.13,413.83,149.2
0,0,61.94,95.37,2.39,0,93.96,169.37,28.84,31.39,412.17,148.08
0,0,62.11,95.31,2.39,0,93.93,170.7,27.85,32.36,408.28,0
0,0,62.04,86.53,2.41,0,93.93,170.99,28.12,32.1,408.3,150.23
0,0,62.02,95.85,2.4,0,93.96,169.6,28.13,32.84,405.52,151.33
0,0,62.25,95.77,2.39,0,94.12,169.01,26.35,32.44,405.97,149.58
0,0,62.13,95.23,2.39,0,93.88,170.23,28.13,31.44,409.2,144.32
0,0,61.18,95.04,2.4,0,94.16,151.45,27.25,29.5,416.94,141.7
0,0,61.95,97.35,2.35,0,94.57,166.61,21.4,32.04,417.55,141.59
0,0,61.67,95.58,2.36,0,94.66,156.22,25.03,32.11,403.29,149.91
0,0,62.3,96.4,2.35,0,93.49,169.34,22.12,32.94,415.34,146.56
0,0,62.37,96.9,2.32,0,94.09,170.28,23.88,32.42,411.82,145.58
0,0,62.81,92.44,2.4,0,93.62,170.24,27.59,33.62,407.9,147.79
0,0,62.39,92.48,2.38,0,93.81,170.6,28.31,32.47,413.26,147.79
0,0,62.23,92.66,2.37,0,93.92,170.34,27.69,32.89,412.31,148.32
0,0,59.7,92.81,1.97,0,88.02,156.1,19.02,30.7,394.7,143.12
0,0,61.7,94.15,2.38,0,93.64,170.9,28.14,32.64,410.66,151.2
0,0,62.43,94.69,2.44,0,94.26,172,26.28,32.49,409.4,149.3
0,0,62.5,93.23,2.43,0,94.21,172.37,26.09,33.03,410.57,149.04
0,0,62.37,94.19,2.44,0,94.24,172.41,26.8,32.14,411.22,151.04
0,0,62.1,94.13,2.37,0,94.19,169.13,26.9,32.69,416.42,149.6
0,0,62.12,94.54,2.4,0,94.18,171.36,27.42,31.23,415.07,148.91
0,0,62.35,87.92,2.41,0,94.27,171.43,26.18,32.09,415.37,150.3
0,0,62.2,96.15,2.38,0,94.18,170.29,23.61,31.87,413.24,149.49
0,0,62.38,97.32,2.38,0,94.19,169.66,22.82,32.38,413.4,148.75
0,0,62.04,97.09,2.38,0,93.84,168.84,26.55,32.12,411.04,147.95
0,0,0,95.05,0,0,0,0,0,0,0,0
0,0,62,96.7,2.39,0,93.96,170.57,28.76,31.89,412.22,147.86
0,0,62.08,95.33,2.4,0,93.96,169.74,28.11,31.96,409.04,148.79
0,0,62.1,95.42,2.37,0,94.06,164.96,25.08,32.16,412.3,145.85
0,0,61.86,95.92,2.34,0,93.21,169.04,25.85,32.37,409.33,148.8
0,0,62.39,95.6,2.38,338.14,94.12,170.45,24.94,32.67,413.25,149
0,0,62.4,95.88,2.39,337.53,94.05,169,26,31.53,416.27,149.54
0,0,62.34,95.31,2.39,332.52,94.1,170.26,27.24,32.55,414.91,146.7
0,0,62.09,95.63,2.33,340.45,93.83,168.13,26.27,32.19,412.81,147
0,0,62.19,95.7,2.36,337.81,93.75,169.85,26.98,32.25,413.25,149
0,0,61.78,95.32,2.43,340.66,94.7,167.63,27.15,30.59,415.66,148.25
0,0,62.31,95.83,2.38,342.37,94.37,168.1,26.53,30.9,418.26,146.72
0,0,61.97,95.49,2.38,337.9,94.62,169.78,27.25,31.7,419.4,139.63
0,0,62.37,95.81,2.38,339.81,94.84,167.4,26.26,32.31,418.29,138.62
0,0,62.14,95.43,2.45,344.58,93.85,168.22,26.8,30.91,414.3,138.21
0,0,62.18,95.13,2.45,345.17,94.25,169.79,26.36,31.15,398.76,137.3
0,0,61.92,95.18,2.34,348.71,94.18,168.36,27.08,32.31,407.4,139.41
0,0,61.32,96.23,2.38,343.71,93.71,166.79,27.78,31.63,419.32,138.8
0,0,62.23,95.48,2.39,349.22,93.84,167.82,27.69,32.76,414.26,156.5
0,0,62.42,95.79,2.38,346.51,94.12,170.12,27.13,31.87,401.74,150.8
0,0,62.01,95.46,2.38,345.1,94.23,170.12,27.28,31.84,401.76,148.69
0,0,62.27,94.77,2.39,346.51,94,169.98,28.21,31.21,401.67,149.78
0,0,62.17,95.73,2.39,339.5,94.53,169.77,28.65,31.2,404.89,148.32
0,0,62.44,95.63,2.38,343.63,94.42,168.9,26.88,31.54,405.88,149.86
0,0,62.49,95.66,2.39,344.14,94.49,169.91,27.6,31.12,403.95,149.25
0,0,46.61,95.34,1.75,277.46,87.46,158.33,20.43,31.2,320.59,149.76
0,0,45.29,95.24,1.48,267.78,51.56,115.03,13.62,27.63,309.31,149.35
0,0,62.31,95.15,2.38,333.7,93.8,165.92,26.18,29.71,404.2,147.2
0,0,61.92,95.77,2.33,339.21,93.7,166.81,26.36,30.28,408.31,147.79
0,0,62.34,95.73,2.4,338.96,94.06,167.65,26.81,30.93,413.16,148.65
0,0,62.73,95.99,2.4,339.63,94.12,167.39,27.95,30.84,409.74,149.75
0,0,61.93,95.06,2.39,338.42,94.19,168.29,28.13,30.12,412.92,149.35
0,0,62.08,95.1,2.4,337.21,94.08,168.94,28.48,31.25,411.24,150.32
0,0,62.17,92.31,2.38,339.44,94.22,168.46,28.66,31.88,409.63,149.29
0,0,62.15,95.58,2.36,343.64,93.73,167,28.49,33.27,414.35,148.83
0,0,62.08,95.4,2.34,345.49,93.9,166.4,0,33.72,413.13,149.3
0,0,61.13,94.34,2.33,336.65,92.54,166.47,26.51,31.45,404.6,147.13
0,0,0,98.24,0,0,0,0,0,0,0,0
0,0,62.21,95.81,2.38,338.5,94.13,169.06,26.44,31.81,414.92,148.03
0,0,62.1,94.7,2.4,342.74,94.4,168.47,26.78,31.41,413.15,141.16
0,0,62.12,94.5,2.38,344.88,94.12,169.07,27.66,31.72,407.07,148.96
0,0,57.67,86.13,2.16,320.13,87.03,158.72,24.14,30.24,381.32,148.82
0,0,61.47,94.33,2.28,353.58,93.8,165.69,27.77,34.95,415.27,148.16
27.16,0,61.9,95.82,2.34,353.73,94.12,167.23,28.21,34.59,411.63,148.1
26.41,0,61.8,94.21,2.35,351.66,94.96,167.72,28.04,34.4,412.36,145.3
25.42,0,62.22,94.62,2.33,353.48,94.25,168.48,28.04,35.21,412.59,146.08
26.92,0,61.51,94.29,2.36,346.94,93.95,168.56,27.51,33.12,409.32,145.38
26.32,0,61.5,95.09,2.34,343.26,93.92,168.6,27.18,31.76,405.5,146.75
26.54,0,62.3,95.66,2.36,343.23,93.69,167.85,27.86,31.29,406.13,146.23
25.7,0,61.37,94.11,2.36,342.29,93.74,167.72,24.51,31.26,406.2,148.33
25.95,0,62.31,96.15,2.37,342.83,93.54,169.69,26.54,32.01,405.43,148.2
26.37,0,62.39,95.79,2.37,341.78,93.92,169.1,25.48,31.81,402.58,148.04
26.44,0,62.39,95.3,2.38,342.62,94.31,163.42,26.8,31.8,406.39,148.29
26.9,0,62.02,95.57,2.35,347.25,94.09,170.39,27.07,31.91,402.41,147.12
26.49,0,62.36,95.69,2.28,345.8,94,168.31,26.54,31.32,408.2,144.6
26.63,0,61.98,95.43,2.34,317.69,94.32,167.36,26.54,30.93,406.81,148.23
26.62,0,62.01,95.08,2.36,348,94.46,163.21,26.18,30.85,405.95,143.2
26.25,0,62.18,95.9,2.39,353.71,94.31,168.18,26.63,30.79,402.08,148.1
26.11,0,62.16,96.78,2.38,349.88,94.22,169,28.3,31.95,400.88,149.75
25.84,0,62.12,95.4,2.37,348.84,94.14,168.62,27.6,31.47,399.69,148.9
25.54,0,62.09,94.99,2.37,349.38,93.89,169.96,27.69,31.34,410.12,148.5
25.56,0,62.04,94.82,3.36,346.76,93.91,169.75,27.96,32,401.27,149.12
26.62,0,62.31,95.31,2.37,348.11,94.05,169.17,28.12,31.94,399.04,149.64
25.67,0,62.02,94.37,2.37,341.32,94,169.03,27.77,30.19,405.34,148.42
25.59,0,62.3,95.04,2.38,342.1,94.07,170.2,28.3,31.83,402.5,149.69
25.64,0,62.16,94.64,2.36,348.13,93.36,168.18,27.7,31.78,401.56,148
25.43,0,62.07,94.12,2.37,345.24,93.71,168.88,28.03,31.64,402.71,148.79
25.41,0,62.12,94.71,2.37,346.97,94.42,169.14,26.8,31.72,400.42,149.66
24.33,0,62.08,94.6,2.39,345.99,94.25,167.5,26.72,30.94,395.89,148.36
25.3,0,62.13,94.87,2.39,340.87,94.42,167.75,26.44,30.79,395.42,149.2
25.66,0,0,94.81,0,0,0,0,0,0,0,0
0,0,0,87.93,0,0,0,0,0,0,0,0
0,0,62.05,80.92,2.39,345.77,94.07,168.17,27.23,31.99,404.77,147.79
26.03,0,0,94.31,0,0,0,0,0,0,0,0
0,0,61.81,94.33,2.34,349.41,94.1,167.73,27.8,33.62,410.4,-48.76
26.35,0,62.12,95.73,2.35,340.04,93.99,168,26.21,31.58,405.43,147.54
26.49,0,62.13,96.12,2.51,349.24,94.14,168.27,27.5,31.48,402.72,148.17
25.94,0,62.13,95.92,2.38,344.37,94.03,168.67,27.39,31.27,400.55,148.87
25.34,0,0,95.25,0,0,0,0,0,0,0,0
0,0,48.41,95.65,1.49,251,65,118,14.86,24,301,150.31
25.58,0,62.39,95.92,2.36,228.6,94.8,167.3,27.86,28.7,418.2,143.7
25.49,0,62.22,95.9,2.37,336.11,94.91,168,28.31,29.16,414.13,147.52
25.62,0,62.21,95.39,2.4,336.08,94.89,168.18,28.84,28.31,414.36,146.38
25.61,0,61.86,95.32,2.37,336.68,94.5,165,28.3,30.08,415.19,146.33
25.2,0,61.97,95.96,2.38,338.99,94.64,167,28.04,30.97,416.85,147.54
26.05,0,62.39,95.29,2.38,339.96,94.75,167.74,27.34,30.69,418.34,149.54
25.6,0,61.83,95.73,1.86,339.2,93.97,166.59,18.31,29.46,402.39,146.7
26.1,0,61.68,95.37,2.37,347.58,94.03,166.83,27.16,30.12,403.23,147.04
25.29,0,28.2,94.4,1.35,190.03,70.78,133.88,12.2,27.82,213,146
25.4,0,7.5,94.99,0.52,178,36.05,155,0,23.9,276,150
25.55,0,48.4,95.81,1.77,270.3,98.9,155,2.12,28.61,318.6,150.71
25.28,0,0,95.68,0,0,0,0,0,0,0,0
0,0,0,96.18,0,0,0,0,0,0,0,0
25.32,0,0,95.09,0,0,0,0,0,0,0,0
26.19,0,0,94.85,0,0,0,0,0,0,0,0
25.2,0,0,95.31,0,0,0,0,0,0,0,0
25.49,0,0,94.94,0,0,0,0,0,0,0,0
25.41,0,0,95.25,0,0,0,0,0,0,0,0
25.6,0,0,95.33,0,0,0,0,0,0,0,0
25.61,0,0,95.13,0,0,0,0,0,0,0,0
0,0,55.14,94.36,1.85,321.13,0,95.2,20.62,26.63,393.59,146.56
25.81,0,62.1,94.94,2.37,341.76,94.42,94.6363,27.42,30.12,390.59,149.69
26.64,0,62.05,94.97,2.38,343.81,94.35,94.94,23.45,30.26,381.81,149.32
26.52,0,50,95.05,1.96,293.5,90.5,18.5,28.4,28.4,293.5,151
24.56,0,21,94.32,0.4,143.1,57.3,6.4,22.6,22.6,177.4,152.16
26.73,0,61.41,94.58,2.35,344,93.7,167,25.29,30,403.2,151.96
27.6,0,61.17,94.86,2.39,338,94,166,24.86,30.14,398.3,150.49
26.96,0,62.11,95.29,2.4,340.1,94,165,27.78,30.2,397,151.5
25.91,0,61.4,94.91,2.35,340,93.88,164.6,26.63,30.3,398,150
25.29,0,61.9,95.11,2.4,337.3,94.1,166.2,28.22,30.58,393.6,149.8
25.58,0,53.97,65,2.02,299.9,87.31,140.11,22.66,28.68,365.38,148.83
0,0,0,95.3,0,0,0,0,0,0,0,0
0,0,59.42,94,2.2,297.69,88.82,157.3,25.63,28.05,392.58,146.85
25.5,0,47.42,94.76,1.8,286.29,83.3,158.86,16.45,28.8,349.77,148.22
25.61,0,50.06,94.36,1.79,288.66,84.14,53.76,24.5,27.6,327.38,149.75
25.98,0,61.6,94.61,2.38,339.88,93.94,165.76,26.56,30.24,398.02,150.75
26.27,0,62.03,95.05,2.4,339,94,168.2,27.68,30.3,394,150
25.74,0,62.01,92.65,2.46,335.34,94.02,168.29,27.86,30.29,396.64,148.36
26.01,0,61.12,94.68,2.03,323.8,92.75,161.35,21.23,28.73,390,149
25.5,0,62.42,70.38,2.36,341.4,93.95,168.03,26.53,29.23,393.6,152.16
30.7,0,61.03,35.21,2.38,337.82,93.96,167.32,26.62,30.64,395.18,151.39
28.34,0,62.42,74.13,2.37,331.45,93.28,169.34,29.02,30.82,400.81,148.29
25.49,0,61.77,0,1.93,340.94,89.63,164.7,19.72,29.15,397.51,148.58
25.57,0,61.21,0,1.85,337.4,91.98,166.47,18.84,28.96,404.95,148.23
25.76,0,61.96,0,2.43,336,94.46,169.35,27.06,30.96,401.01,149.33
25.56,0,61.81,0,2.4,337.9,94.5,168.3,25.21,31,403.9,150.29
26.17,0,62.03,0,1.93,328.6,92.4,165.8,18.31,29.1,404.7,145.04
26.04,0,62.28,0,2.44,346.35,93.8,167.23,26.18,30.29,401.57,146.62
25.55,0,61.7,0,1.93,321.8,88.69,162.7,18.65,28.2,388.2,144.08
0,0,61,0,2.41,355.67,93.95,167.9,26.71,30.98,397.9,146.91
25.57,0,61.23,150.61,2.4,354.84,93.91,168.58,25.83,30.96,395.21,146.62
25.45,0,61.97,166.54,2.38,348.7,94.2,165.3,26.27,30.21,394.3,146.75
25.25,0,61.6,165.12,1.93,328.95,91.05,161.94,18.3,29.66,382.09,143.66
25.28,0,62.02,157.5,2.42,329,94.42,168.24,26.18,32.02,396.4,146.29
26.04,0,61.32,109.4,2.34,338.4,94.31,167.39,24.86,31.55,393.19,145.86
25.34,0,62.12,94,1.86,328.39,94.25,167.97,15.57,29.33,383.69,144.33
25.68,0,62.12,94,1.84,311.27,92.35,162.96,16,29.63,378.77,147.8
26.05,0,61.8,94.2,2.4,337.4,94.8,166.9,24.24,31.9,385.9,148
26.18,0,62,94.1,2.4,337.8,94.2,166.4,23.35,30.3,387.6,146.7
26,0,62.2,94.9,1.82,316,91.7,161.3,14.49,29.1,372.4,137.41
25.6,0,62.1,94.7,2.42,337.7,93.8,166.7,24.67,31.1,397.4,146.91
25.87,0,62.12,91.33,2.44,332.8,93.8,166.3,24.15,31.7,395.5,147.7
25.68,0,62.05,94.83,2.41,342.1,93.8,168.2,23.8,30.65,396.8,146.87
25.93,0,63.09,94.7,2.43,344.6,93.9,167.8,23.08,30.28,402.6,148.5
25.79,0,63,94.31,2.41,340,93.95,167.3,24.23,30.54,410,148.1
25.91,0,63.5,88.97,2.44,334.28,94.1,166.96,24.06,30.75,406.19,147.37
25.97,0,64.31,90.55,2.43,332.3,93.8,167.4,24.23,31.37,407.82,146.69
25.93,0,62.04,95.35,2.26,335.86,93.35,166.54,23.32,30.31,395.35,147.22
0,0,0,95,0,0,0,0,0,0,0,0
0,0,61.7,90.7,2.19,335.54,92.86,166.65,24.15,29.78,397.58,149.57
26.7,0,61.72,94.56,2.27,341.98,93.06,166.54,23.88,30.11,397.97,146.62
0,0,61.85,89.06,2.17,330.17,93.63,165.97,21.21,30.63,386.81,146.09
25.8,0,62.58,94.38,2.34,335.35,93.58,166.37,22.64,30.59,397.27,146.12
25.82,11.86,0,94.26,332.42,78.58,95.22,21.67,32.17,0.53,47.38,332.42
30.37,11.87,0,94.6,333.84,78.21,94.39,21.96,34.07,0.54,48.18,333.84
31.4,11.79,0,90.27,323.13,78.41,90.93,20.41,32.18,0.46,45.35,323.13
30.01,11.88,0,94.45,346.33,78.37,94.33,21.83,32.11,0.52,48.3,346.33
30.4,11.34,0,94.39,349.58,77.58,94.12,21.81,34.23,0.57,50.08,349.58
31.74,11.67,0,94.2,335.07,78.19,94.47,21.91,33.52,0.55,47.16,335.07
31.75,12.2,0,94.49,337.21,83.9,94.81,21.99,33.86,0.71,47.31,337.21
31.39,11.83,0,95.1,339.34,79.37,94.71,21.56,33.64,0.61,52.35,339.34
33.81,11.38,0,94.9,318.08,79.47,88.36,18.11,29.1,0.53,48.77,318.08
31.6,11.99,0,90.8,334.61,78.41,93.95,21.78,31.29,0.54,53.95,334.61
31.77,11.23,0,95.2,311.49,75.88,90.07,20.42,29.63,0.59,46.45,311.49
30.04,11.81,0,95.1,334.43,78.79,93.61,21.78,31.16,0.63,49.87,334.43
31.9,12.06,0,95,344.97,78.75,94.4,21.84,30.7,0.52,48.7,344.97
0,10.85,0,94.6,391.99,77.58,87.71,18.75,27.82,0.56,47.08,391.99
29.94,11.82,0,94.2,334.61,79.08,94.58,22.17,31.54,0.64,48.68,334.61
32.66,11.43,0,94.55,332,79.08,94.8,22.13,31.9,0.6,54.38,332
32.33,10.97,0,94.8,296.75,80.58,85.93,17.77,32,0.53,51.19,296.75
29.89,11.87,0,95.22,341.81,81.03,94.88,21.82,32.71,0.5,52.54,341.81
31.54,11.9,0,94.39,341.36,81.85,94.88,210.73,32.81,0.55,56.83,341.36
30.9,11.76,0,90.93,347.25,80.54,95.26,21.92,32.5,0.51,54.39,347.25
31.41,11.2,0,94.33,318.22,81.66,89.21,19.02,31.88,0.6,51.69,318.22
30.12,12.06,0,94.12,341,81.16,95.14,21.86,33.34,0.61,56.75,341
29.96,11.85,0,94.47,354.52,80.12,94.93,21.6,33.01,0.61,54.58,354.52
29.72,0,0,94.81,307.1,79.08,88.2,17.96,30.71,0.62,52.2,307.1
32.62,12.11,0,94.71,344.29,80.41,94.44,22.01,33.55,0.53,52.79,344.29
32.76,12.37,0,88.36,342.82,80.37,94.96,21.8,34.66,0.51,58.95,342.82
31.72,12.55,0,93.95,342.68,80.08,95.1,21.57,33.91,0.53,51.99,342.68
32.04,11.93,0,90.07,32.4,79.6,89.72,19.24,32.31,0.67,56.91,32.4
30.78,11.76,0,93.61,336.18,79.5,0,0,0,0,0,0
31.28,0,0,94.4,0,0,0,0,0,0,0,0
0,11.74,0,87.71,336.73,78.22,93.91,21.6,33.05,0.53,47.74,336.73
30.95,11.79,0,94.58,331.45,79.22,92.84,21.07,31.34,0.59,49.63,331.45
31.75,11.51,0,94.8,340.82,79.96,92.58,47.9,31.61,0.56,52.16,340.82
31.24,12.02,0,85.93,335.8,80.41,93.14,20.83,33.01,0.57,54.14,335.8
31.28,0,64.59,94.88,2.38,333.41,93.94,170.75,25.65,34.09,398.06,149.36
27.03,0,64.69,94.88,1.77,333.35,93.65,138.48,24.67,34.86,395.51,149.41
26.85,0,64.5,95.26,1.88,321.17,92.97,169.12,16.54,32.51,387.9,146.66
27.2,0,64.47,89.21,2.45,336.7,93.92,168.69,22.02,35.39,385.67,148.37
26.5,0,65.07,95.14,2.42,338.19,94.07,171.22,23.17,35.56,384.81,148.79
27.08,0,65.1,94.93,2.44,340.42,93.92,170.42,22.1,35.59,386.24,149.29
27.09,0,65.36,88.2,2.41,340.85,94.32,168.61,21.22,34.39,384.64,148.25
26.87,0,37.98,94.44,1.43,219.47,78.85,141.29,10.7,32.42,250.73,144.64
27.03,0,65.03,94.96,2.39,326.49,94,170.06,19.63,34.15,386.49,149.91
27.38,0,62.9,95.1,2.39,329.55,94.13,170.79,21.05,34.19,382.88,148
27.02,0,91.09,89.72,2.38,329.42,94.26,173.61,20.79,34.79,378.96,146.16
27.11,0,65.06,96.16,2.39,332.15,64.04,172.29,23.43,35.19,388.62,146.8
27.7,0,65.04,97.93,2.39,338.24,93.99,169.06,28.84,35.03,400.9,147.62
27.15,0,65.12,92.78,2.4,336.41,93,171.6,29.28,35.06,410.24,148.16
27.42,0,64.37,97.85,2.39,335.2,94.4,168.7,29.1,34.1,400.5,148.08
27.42,0,65.08,97.12,2.4,339.46,93.64,168.8,29.01,32.67,399.14,145.62
26.4,0,65.08,98.29,2.42,340.1,93.5,169.6,28.57,35.9,404.9,145.87
27.8,0,65.1,101.05,2.41,338.3,94,169.4,28.92,36.3,401.7,147.37
28.06,0,64.8,82.11,2.4,338.6,94.27,170.4,29.11,35.7,401.7,148.32
27.3,0,64.82,96.87,2.38,336.99,93.93,169.5,28.31,35.83,401.6,147.66
27.4,0,64.89,100.78,1.53,297.67,79.02,121.52,13.71,32.48,277.17,147
27.3,0,19.32,100.01,2.38,326.81,93.69,169.84,27.15,34.45,410.1,149.32
28.85,0,64.28,97.56,2.35,326.14,93.72,168.7,28.22,35.82,404.99,148.7
27.7,0,64.39,95.48,2.39,330.29,93.68,168.23,27.6,35.28,402.31,148.61
27.31,0,64.39,94.19,2.4,334.93,93.8,169.48,27.95,34.94,406.27,146.7
27.43,0,64.55,95.19,2.4,331.85,93.77,169.6,27.96,35.89,406.56,148.04
27.62,0,64.62,94.1,2.41,338.88,93.8,169.15,28.13,35.9,406.39,148.83
27.42,0,64.78,94.4,2.41,339.42,93.89,167.71,28.4,35.39,405.38,148.5
27.2,0,64.69,94.39,2.4,342.77,93.92,169.18,28.13,35.15,409.84,146.7
27.5,0,64.34,94.38,2.4,339.6,94.09,21.86,27.96,35,405.73,146.65
27.94,0,64.23,94.8,2.4,344.47,94.03,169.3,27.42,34.86,404.02,148.04
27.73,0,63.22,75.8,2.3,328.56,0,0,24.99,0,0,0
27.31,0,64.74,94.62,2.22,333.87,93.75,164.78,22.36,34.67,389.7,148.65
26.96,0,64.64,94.68,2.25,316.6,87.66,166.53,20.81,34.31,367.6,147.34
27.18,0,64.91,94.75,2.4,337.87,93.82,169.71,28.9,35.08,402.83,147.3
27.4,0,58.06,94.86,2.27,326.65,91.64,162.36,25.82,34.97,387.68,148.17
27.66,27.68,64.89,94.64,2.41,349,94.07,169.02,27.86,35.59,394.08,149.2
27.68,27.71,64.66,95.24,2.42,350.18,94.14,170.85,27.95,35.93,394.53,149.66
27.71,27,64.56,94.8,2.43,345.76,94.27,170.02,26.81,36.13,389.72,147.3
27,28.21,64.35,94.32,2.43,340.4,94.29,170.95,27.24,35.61,388.4,147.16
28.21,27.99,64.37,93.79,2.42,338.15,94.32,171.12,27.51,34.54,386.53,147.5
27.99,27.98,64.42,94.5,2.42,339.3,94.39,170.04,28.31,34.43,385.4,145
27.98,28.35,64.73,94.29,1.41,221.75,72.09,110.29,13.09,31.41,242.12,148.75
28.35,28.2,64.59,94.82,2.45,345.56,94.25,168.69,27.16,37.28,401.51,152.2
28.2,28.27,64.61,94.72,2.41,353.99,93.96,170.17,17.6,37.28,397.28,150.08
28.27,28.95,64.51,94.28,2.41,351.69,94.15,171.9,27.51,37.62,401.4,150.75
28.95,28.26,64.4,94.36,2.41,343.8,93.99,170.39,27.87,37.62,402.8,149.83
28.26,28.88,64.14,94.28,2.42,344.05,94.22,170.03,27.51,37.33,400.3,150.33
28.88,28.81,64.12,66.8,2.42,343.57,94.15,170.67,27.15,37.12,400.43,150.58
28.81,28.91,64.66,94.84,2.41,340.1,94.04,168.68,28.13,37,398.96,149.87
28.91,28.65,26.58,94.92,2.4,340.19,94.16,170.37,27.33,37.62,400,150.33
28.65,27.92,54.64,94.67,2.42,338.77,94.7,169.45,22.73,36.71,397.15,148.75
27.92,28.37,64.96,95.68,2.42,358.14,94.49,171.3,25.04,36.3,393.57,149.25
28.37,28.9,64.7,95.18,2.42,353.49,94.44,170.98,27.15,36.76,392.49,149.83
28.9,28.84,69.18,95.12,1.3,197.49,73.78,110.97,14.15,33.78,215.31,150.18
28.84,28.82,63.24,95.56,1.93,297.94,86.23,146.56,22.9,34.07,381.36,148.63
28.82,29.29,64.19,96.07,2.43,334.86,93.9,167.9,28.57,36.64,411.6,148.08
29.29,28.56,65.32,98.53,2.37,348.12,93.6,167.42,29.01,37.31,407.3,148.12
28.56,29.01,64.32,96.22,2.47,342,93.8,168.4,29.28,37.34,410.6,148.2
29.01,28.89,64.3,95.92,2.49,342.6,92.92,169.2,28.57,37.92,407.6,149.45
28.89,30.07,64.38,69.91,2.41,336.78,93.85,169.78,28.66,37.29,402.58,150.29
30.07,30.08,64.66,85.13,2.43,341.67,94.11,169.99,28.92,34.15,406.52,150.79
30.08,29.8,64.55,94.87,2.29,344.63,94.1,167.37,29.28,36.66,405.82,150.66
29.8,29.91,64.82,96.84,2.38,330.55,94.23,168.29,29.54,35.65,402.87,150.31
29.91,30.45,64.25,95.7,2.37,346.13,94.53,168.02,28.66,38.39,402.25,150.52
30.45,30.45,64.38,94.71,2.42,338.66,94.27,170.83,27.77,33.83,406.31,151.04
30.45,28.61,63.05,94.74,2.33,332.74,0,0,26.31,0,0,0
28.61,0,0,94.96,0,0,0,0,0,0,0,0
0,28.28,64.51,95.03,2.28,327.26,91.06,161.88,24.06,35.45,371.81,148.78
28.28,28.54,57.64,95.14,2.41,344.09,94.25,170.13,26.54,37.1,399.03,149.85
28.54,28.9,65.04,95.77,2.2,316.64,89.81,157.35,25.66,36.26,375.18,148.93
28.9,30.13,64.51,95.79,2.38,339.74,94.18,169.05,28.81,36,404.39,150.6
30.13,29.23,64.58,95.07,2.43,340.04,94.33,168.54,23.97,36.53,401.74,148.12
29.23,29.91,64.84,95.03,2.39,341,94.39,169.14,26.54,37.28,403.31,148.91
29.91,29.95,64.62,96.11,2.37,345.56,94.11,166.96,26.63,35.96,405.84,147.31
29.95,28.75,64.56,97.18,2.39,346.64,94.41,167.05,26.89,35.98,402.42,154.5
28.75,29.16,65.66,97.37,2.38,254.58,94.45,166.38,26.09,36.26,404.56,147.87
29.16,28.6,64.35,96.9,2.38,355.6,94.5,168.8,26.98,36.1,401.3,148.62
28.6,28.95,65.8,70.7,1.08,197.67,73.74,112.8,11.23,34.8,219.5,152.2
28.95,29.15,80.69,33.56,0,49.17,35.86,47.27,0,33.2,51.5,152
29.15,28.9,69.42,44.75,0.31,125.9,50.09,74.9,4.86,32.4,166.6,149
28.9,28.72,63.09,96.1,2.28,335.26,94.3,168.8,30.07,35.65,402.6,145.8
28.72,28.42,64.8,94.63,2.38,343.2,94.32,169.2,28.92,35.54,395.3,147.04
28.42,33.75,64,94.2,2.41,338.8,94.4,168.7,28.57,36,394.3,140.41
28.56,28.97,64.49,94.44,2.42,341.72,94.09,167.88,27.95,34.64,398.33,138.37
28.97,29.37,64.54,94.26,2.42,349.16,94.11,168.51,27.95,34.49,399.3,143.91
29.37,29.5,64.66,94.28,2.41,348.66,94.21,169.61,28.31,34.3,396.62,147.58
29.5,29,64.69,94.17,2.42,349.57,94.09,169.97,27.6,34.76,398.42,147.87
29,29.44,64.9,93.99,2.41,348.3,94.13,168.09,27.33,36.25,398.8,148.58
29.44,29.53,64.79,94.17,2.42,348,94.23,167.93,26.54,35.96,402.91,147.16
29.53,29.01,64.73,95.43,2.11,353.32,94.47,165.82,27.51,35.61,394.52,147
29.01,29.12,65.07,94.32,2.4,361.64,94.22,165.56,36.54,35.91,385.34,148.5
29.12,29.48,64.78,95.4,2.38,341.52,94.6,165.38,24.42,37.81,391.12,147.79
29.48,28.37,64.08,94.11,2.42,332.2,93.49,164.03,26.71,35.47,409.31,145.12
28.37,29.04,64.8,94.57,2.42,345.46,94.45,167.48,26.8,36.76,399.98,148.08
29.04,28.35,65.92,95.42,2.42,343.42,94.82,168.43,27.51,35.47,399.27,148.5
28.35,29.09,64.87,94.61,2.38,346.73,94.49,168.96,28.66,36.82,402.06,147.66
29.09,29.27,64.53,95.01,2.35,343.23,95.95,166.59,28.04,36.8,399.62,147.33
29.27,29.42,64.61,94.01,2.38,343.32,94.76,168,28.22,37.45,402.61,147.4
29.42,29.56,64.5,94.45,2.4,341.2,94.36,162.53,27.59,37.12,400.82,147.95
29.56,29.02,64.37,94.59,2.42,346.29,94.59,170.51,26.2,37.24,403.4,148.79
29.02,28.93,64.08,94.33,2.42,343.7,94.54,167.89,27.87,37.4,400.07,147
28.93,29.56,64.8,94.5,2.43,348,94.6,165.5,28.04,38.4,401.8,149.85
29.56,29.28,65.34,94.25,2.2,317.4,0,0,25.5,0,0,0
29.08,0,0,94.94,0,0,0,0,0,0,0,0
0,29.22,64.92,94.74,2.2,311.58,91.42,159.95,24.05,36.13,376.95,149.65
29.22,29.61,67.29,94.25,1.75,269.03,79.6,137.89,21.19,34.56,315.42,145.22
28.87,29.3,64.8,94.24,2.36,350.14,94.28,167.48,28.32,35.8,395.39,147.78
29.3,29.17,64.42,94.81,2.42,346,94.58,167.97,27.37,37.68,401.76,148.55
29.17,29.58,64.47,94.7,2.42,342.92,94.44,168.67,27.42,38.85,400.62,147.5
29.58,29.9,64.85,94.59,2.43,399.45,93.9,168.32,27.6,38.44,399.45,148.5
29.9,29.94,64.68,94.18,2.43,338.22,94.08,169.15,27.25,38.37,400.06,148.62
29.94,30.16,64.83,94.46,2.41,339.57,94.04,169.46,27.51,37.24,403.13,147.54
30.16,29.1,65,94.37,2.44,340.23,94.01,169.79,28.57,36.27,404.14,147.62
29.1,29.29,64.59,94.48,2.42,338.14,93.85,169.07,28.75,36.6,402.43,147.2
29.29,29.54,64.68,94.56,2.42,338.32,93.83,169.22,28.39,36.19,402.29,149.91
29.54,30.09,65.03,139.2,2.41,340.63,93.81,170.51,28.4,37.15,405.52,147.45
30.09,29.84,64.93,0,2.43,337.46,93.42,169.7,28.57,36.96,299.62,148.75
29.84,28.14,65.03,0,2.4,336.39,94.45,169.6,29.01,36.63,399.3,148.54
28.14,28.4,64.62,54.34,2.41,337.93,94.31,170.36,29.19,36.33,402.4,146.37
28.4,29.57,65.05,92.45,2.41,339.62,94.29,172.78,28.92,38.47,405.05,148.29
29.57,29.91,65.1,96.51,2.43,343.56,94.35,170.53,28.84,39.83,406.56,148.62
29.91,29.04,37.5,95.34,1.54,246.26,78.5,77.5,14.33,37.37,259.25,148.92
29.04,28.52,38.45,95.08,0,0,0,0,0,0,0,0
28.52,28.45,66.3,94.59,0,0,0,0,0,0,0,0
28.45,29.14,60.24,95.08,0.12,86.89,36.58,53.83,22.2,33.01,98.69,138.6
29.14,27.74,59.95,95.26,2.05,332.33,95.49,147.98,0,33.35,390.18,139.66
27.74,28.08,64.37,95.21,2.41,337.13,94.98,166.22,22.82,33.49,409.32,143
28.08,27.8,64.74,94.42,2.41,336.37,94.21,168.45,27.51,34.22,412.47,142.89
27.8,28.07,65.1,94.02,2.39,339.28,94.38,170.1,27.42,35.39,404.4,146.7
28.07,29.42,64.62,93.66,2.37,338.64,94.1,170.99,28.4,35.22,407.14,144.66
29.42,28.6,64.67,94.23,2.39,331.54,94.3,167.15,28.13,34.69,404.17,144.3
28.6,27.31,64.93,94.4,2.39,330.19,94.61,167.23,28.13,34.12,401.98,142.15
27.31,29.51,64.97,93.36,2.39,331.96,94.58,168.02,28.93,34.22,404.96,143.08
29.51,29.41,65.22,95.22,2.37,333.28,94.1,170.23,27.07,35.84,405.28,144.79
29.41,28.75,65.44,94.81,2.33,338.85,94.73,171.71,26.89,36.08,409.24,144.2
28.75,28.62,65.47,94.18,2.37,336.37,94.09,169.93,27.87,34.83,406.31,144.75
28.62,28.65,65.14,94.21,2.37,337.6,94.29,170.81,28.22,35.73,412.6,144.25
28.65,28.53,64.88,94.75,2.37,343.48,94.63,168.53,28.04,34.83,415.38,143.41
28.53,29.01,62.83,94.89,2.28,326.21,0,0,24.48,0,0,0
29.01,0,0,94.85,0,0,0,0,0,0,0,0
0,29.9,64.71,93.97,2.42,355.04,94.12,168.9,27.45,38.23,400.82,148.04
29.9,29.2,64.84,94.53,2.42,338.44,93.95,169.75,28.7,36.59,387.96,147.98
29.2,28.91,56.08,93.89,1.71,269.73,79.84,124.52,13.47,36.41,311.95,144.82
28.91,28.79,65.23,95.24,2.36,337.92,94.37,170.24,27.62,35.46,409.76,144.28
28.79,28.62,62.77,74.95,2.23,331.24,93.77,166.34,27.58,34.42,405.45,143.45
28.62,28.22,64.85,0,2.45,328.41,94.7,170.7,28.3,34.27,413.22,145.28
28.22,28.54,65.11,0,2.44,331.73,94.22,171.07,27.69,35.51,413.65,145.08
28.54,28.27,64.96,95.01,2.41,336.42,93.92,171.64,27.51,36.32,409.64,141.25
28.27,28.33,65.13,95.3,2.41,335.39,93.97,171.69,27.95,35.87,413.12,143.12
28.33,28.54,64.98,94.61,2.42,335.36,94.24,171.25,27.15,35.48,411.37,144.45
28.54,28.97,65.06,95.33,2.38,333.7,94,170.7,26.89,36.87,410.16,144.7
28.97,28.75,65.03,95.13,2.37,331.61,94.27,170.78,26.71,36.88,403.59,145.16
28.75,28.03,64.36,95.33,2.39,352.03,94.14,167.73,26.8,35.19,406.38,141.75
28.03,28.25,65.02,94.45,2.39,353.06,94.37,170,25.48,35.3,407.57,146.12
28.25,32.25,65.21,94.35,2.38,349.95,94.5,168.65,25.48,34.91,406.57,145.87
28.53,28.07,65.05,95.45,2.42,343.56,94.61,166.02,24.42,33.75,404.87,143.5
28.07,27.93,43.39,94.9,1.46,321.71,75.74,132.21,9.73,31.87,249,147.15
27.93,28.2,72.71,82.82,0,0,0,0,0,0,0,0
28.2,27.91,74,96.2,0,0,0,0,0,0,0,0
27.91,28.07,64.52,98.22,2.39,349.2,94.93,165.63,24.77,34.61,401.36,145.62
28.07,27.91,68.56,98.93,2.38,337.04,94.22,166.26,22.12,33.55,402,145.62
27.91,28.29,71.45,97.61,2.32,329.46,93.25,166.09,20.7,35.17,392.36,147.65
28.29,27.81,56.09,97.03,2.28,336.2,93.99,164.49,26,37.58,403.64,146.65
27.81,27.91,55.49,95.91,2.42,338.4,94.17,163.22,26.62,37.22,412.7,145.5
27.91,28.42,54.82,94.95,2.39,333.8,93.99,163.63,27.15,36.81,409.92,136.92
28.42,29.07,55.01,94.57,2.39,338.28,94.05,165.66,27.15,42.11,410.25,145.31
29.07,28.34,54.83,94.48,2.4,341.16,94.41,166.43,26.36,40.83,407.97,144.29
28.34,27.97,54.94,94.43,2.41,337.63,94.6,165.12,26.71,41.5,404.8,146.45
27.97,28.6,54.5,94.58,2.45,336.4,94.8,166.4,26.63,44,398.2,147.12
28.6,27.44,57.53,94.66,1.93,305.99,88.87,146.26,21.57,34.87,391.12,148.52
27.44,27.97,64.62,97.59,2.42,329.4,94.7,171.8,4.4,36.56,407.5,148
27.97,28.45,62.13,92.88,2.33,337.47,0,0,25.31,0,0,0
28.3,0,0,93.15,0,0,0,0,0,0,0,0
0,28.5,64.69,94.4,2.39,333.18,94.12,170.48,27.58,35.53,410.94,143.9
28.5,29.02,64.97,93.66,2.39,341.59,94.21,170.11,26.64,35.79,408.39,144.45
28.49,28.05,65.67,94.7,2.19,336.19,90.55,159.24,20.35,33.79,369.92,145.91
28.05,28.3,55.1,94.17,2.39,337.41,94.29,164.99,26.66,40.01,406.78,144.61
28.3,29.8,64.42,78.4,2.42,329.44,94.7,171.82,27.77,36.54,407.57,147.91
29.8,27.68,65.14,93.6,2.38,333.6,94.5,172.39,28.21,35.42,404.65,147.24
27.68,27.87,65.02,94.8,2.38,330.89,94.92,171.92,28.04,36.1,405,147.62
27.87,27.3,64.77,94.89,2.37,327.68,94.2,172.91,27.86,36.59,399.52,146.8
27.3,28.13,65,94.6,2.35,337.84,94.55,171.41,27.77,35.49,403.56,144.15
28.13,27.37,64.64,94.5,2.29,325.2,94.69,167.6,25.74,34.22,407.9,143.25
27.37,27.19,64.1,93.98,2.3,340.35,94.32,170.87,27.6,33.68,403.77,144.06
27.19,27.28,65.05,93.21,2.36,337.16,94.38,171.53,26.54,35.29,403.5,146.79
27.28,26.24,64.41,95.7,2.37,322.74,94.44,159.99,26.8,33.29,403.49,139.33
26.24,27.88,64.94,95.98,2.36,335.74,93.98,172.49,25.83,33,404.07,145.83
27.88,27.33,65.13,95.38,2.37,334.76,93.93,172.18,26.27,35.59,402.07,144.7
27.33,27.46,65.07,94.64,2.41,328.47,94.22,170.5,26.63,34.94,396.03,144.7
27.46,27.01,64.98,95.12,2.43,335.74,94.39,167,26.98,34.43,384.28,143.5
27.01,27,65.12,94.47,2.44,343.24,94.36,168.05,26.62,33.71,396.21,139.91
27,27.25,65.08,94.21,2.43,330.8,94.44,169.46,26.8,34.88,392.67,140
27.25,27.47,63.93,94.3,2.21,325.13,93.53,166.87,21.05,34.24,386.43,144.39
27.47,28.21,64.92,94.6,2.42,350.78,94.15,169.08,26.35,37.29,405.52,146.16
28.21,28.47,64.6,94.22,2.4,357.3,94.15,167.62,27.16,37.09,400.8,144.41
28.47,26.12,59.1,95.38,1.88,315.8,82.6,150.2,18.48,32.04,370.2,144.21
26.12,26.8,64.7,95.43,2.41,332.5,94.4,166.4,27.16,34.3,412.8,143.75
26.8,28.75,65.5,91.91,2.43,343.9,94.5,169.6,27.68,36.4,401.8,146.75
28.75,27.93,65.23,94.14,2.42,352.32,94.32,170.25,28.13,35.21,397.33,147.33
27.93,28.85,64.09,93.59,2.31,341.01,94.4,169,25.74,35.5,395.4,149.24
28.85,26.79,64.44,94.3,2.4,341.15,94,170.2,27.42,33.47,402.8,145.65
26.79,29.05,64.77,94.43,2.32,335.71,94.45,170.07,27.07,37.11,400.02,143.7
29.05,12.62,65.29,94.32,2.28,342.16,94.12,169.92,27.87,36.14,402.21,143.71
28.44,12.57,65.29,94.36,2.37,347.8,94.27,172.6,27.78,35.76,399.49,146.72
28.4,12.87,65.42,94.34,2.37,345.37,94.31,172.28,27.6,34.99,398.08,145.54
28.13,12.7,65.18,94.65,2.37,347.11,94.39,171.04,26.89,35.63,397.31,146.2
27.57,27.72,64.97,64.21,2.25,353.25,94.38,168.77,24.77,35.46,351.8,147.53
27.72,27.41,64.9,94.35,2.43,357.08,94.25,171.31,26.62,34.94,397.98,170.56
27.41,26.53,64.68,88.29,0,0,0,0,26.4,0,0,0
27.71,0,0,94.5,0,0,0,0,0,0,0,0
0,27.91,64.73,94.59,2.36,332.14,94.55,171.27,27.57,35.43,404.57,145.86
27.91,27.35,64.75,94.8,2.34,333.4,94.33,169.44,26.65,34.37,404.05,144.02
27.35,27.55,64.81,95.02,2.39,338.78,94.18,168.37,25.94,35.23,394.56,143.3
27.55,27.76,63.98,94.9,2.31,337.48,92.67,166.53,25.95,34.86,397.19,145.8
27.76,29.82,64.87,95.24,2.42,346.08,94.53,169.42,27.15,37.38,396.27,186.37
29.82,29.35,64.89,95.24,2.45,335.19,95.05,170.54,27.16,38.94,397.86,145.27
29.35,28.7,64.92,95.65,2.46,338.21,95,170.37,26.54,37.79,398.11,140.71
28.7,28.3,64.99,94.91,2.49,342.56,94.16,169.13,27.58,38.56,397.94,139.21
28.3,27.45,65.3,95.4,2.4,344.67,93.86,169.12,27.78,37.13,400.9,140.41
27.45,28.45,64.97,95.08,2.39,349.63,94.05,168.06,27.08,36.32,394.67,140.47
28.45,29.13,65.12,95.8,2.9,359.18,94.62,169.18,26.98,35.18,398.6,141.83
29.13,28.79,65.12,95.4,1.9,329.29,92.36,159.69,20.87,35.21,374.58,140.68
28.79,29.92,65.24,95.62,2.36,336.64,93.54,168.71,27.06,37.54,405.73,148.5
29.92,27.79,65.29,94.81,2.39,349.46,93.9,174,27.07,33,393.5,146.2
27.79,28.1,65.31,94.73,2.37,352.24,94.55,171.2,27.51,34.78,383.6,144.54
28.1,28.88,65.22,94.91,2.38,351.4,94.32,171.32,26.63,34.18,385.25,145.5
28.88,28.49,65.22,95.09,2.39,355.36,94.29,169.31,26.63,34.15,380.32,146.2
28.49,28.59,65.21,94.93,2.39,353.29,94.28,169.01,26.97,34.18,378.11,144.5
28.59,30.03,65.02,152.17,2.39,352.46,94.26,170.36,28.04,36.16,374.18,150
30.03,29.29,64.42,94.89,2.41,349.7,94.28,170.52,27.41,37.03,375.15,147.21
29.29,28.7,64.88,94.08,2.4,300,94.26,169.77,27.51,37,376.39,146.75
28.7,28.04,64.97,94.96,2.39,348.43,94.24,169.34,27.07,36.42,377.42,144.54
28.04,28.78,58.2,94.8,1.83,302.59,88.9,155.97,17.68,33.05,354.05,143.87
28.78,28.85,65.01,94.95,2.38,329.25,93.83,169.37,26.89,36.81,402.92,143.62
28.85,29.22,65.02,95.04,2.41,335.2,93.77,170.96,26.71,32.47,400.4,146
29.22,28.94,64.83,95.2,2.39,331.6,93.9,169.9,26.71,36.9,400.8,145.83
28.94,29.66,65.02,94.95,2.39,349.9,94.1,169.5,26.35,36.9,404.1,145.91
29.66,28.99,65.03,95.03,2.41,353.4,94.36,170.17,26.09,36.7,406.75,146.5
28.99,28.75,64.72,95.2,2.38,355.48,94.22,171.06,26.35,37.02,408.51,149.16
28.75,12.95,64.12,95.02,2.39,356.2,94.21,171.06,26.09,37.03,406.5,146.29
28.98,12.94,64.75,94.66,2.36,351.95,94.76,170.12,25.56,37.25,407.33,147.5
29.29,13.06,64.8,94.65,2.36,348.43,94.69,170.85,25.39,37.43,409.37,147.83
29.49,12.82,65.04,94.21,2.35,348.32,94.8,168.72,25.39,37.6,408.4,147.5
29.01,0,0,94.61,0,0,0,0,0,0,0,0
0,27.66,64.74,95.15,0,0,0,0,26.39,0,0,0
28.86,0,0,95.18,0,0,0,0,0,0,0,0
0,28.74,65.01,94.98,2.5,345.07,94.47,169.4,27.18,37.33,397.76,147.75
28.74,28.52,65.19,94.21,2.39,345.87,93.84,168.57,26.34,35.59,393.08,143.23
28.52,28.86,64.99,94.12,2.39,344.38,94.28,169.95,27.18,35.59,378.12,146.39
28.86,29.03,63.98,94.88,2.31,336.77,93.3,168.13,25.25,35.69,396.79,145.84
29.03,29.09,64.78,95.17,2.37,347.22,94.29,167.04,25.82,37.13,411.6,145
29.09,28.4,64.93,94.99,2.36,339.61,94.21,168.27,25.91,37.82,408.3,146.18
28.4,28.6,64.77,95.35,2.31,335.42,93.99,167.93,25.82,36.21,404.21,147.6
28.6,28.3,64.91,95.28,2.29,344.8,94.26,168.2,26.09,35.42,412.6,144.77
28.3,28.83,64.64,95.69,2.4,334.7,94.52,170.26,25.46,37.17,406.3,147.85
28.83,28.5,64.59,95.09,2.41,341.9,94.7,169.59,25.82,36.63,397.7,147.77
28.5,28.99,64.64,95.23,2.4,347.2,94.76,174.43,26.27,36.57,396.5,147.21
28.99,29.53,64.8,95.17,2.4,346.9,94.75,170.81,25.74,37.79,395.6,146.12
29.53,28.73,64.43,94.85,2.38,346.2,93.94,167.57,25.38,37.26,395.9,145.75
28.73,29.27,64.42,94.46,1.53,296.01,92.14,89.3,12.03,32.43,354.7,146.75
29.27,29.24,64.83,94.3,2.37,337.3,94.45,166.78,24.5,37.57,412,144.08
29.24,28.21,65.09,94.79,2.34,336.42,94.28,167.12,23.89,36.82,409.05,144.79
28.21,28.86,65.04,94.89,2.35,345.29,93.84,171.36,26.01,37.07,415.11,154.75
28.86,29.42,64.79,94.09,2.28,340.4,94.19,167.77,25.12,37.6,410.53,153.28
29.42,29.26,64.92,94.66,2.4,340.3,94.37,169.69,25.21,37.62,411.78,151.37
29.26,29.4,64.96,94.42,2.41,336.99,94.47,169,25.31,37.7,410.24,144.41
29.4,29.3,64.84,94.59,2.41,337.8,94.49,169.42,25.21,32.77,408.5,156.2
29.3,28.95,65.23,93.67,2.39,339.25,94.08,168.8,25.39,37.61,406.91,157.58
28.95,28.99,65.12,94.24,2.33,337.19,93.83,169.3,24.94,37.81,409.49,145.16
28.99,29.25,65.05,94.23,2.34,335.52,94.05,167.57,25.75,37.52,408.94,141.62
29.25,28.96,64.96,95.62,2.33,337.68,93.97,167.19,25.92,37.26,412.57,146.12
28.96,28.49,64.98,94.46,2.3,334.83,94.15,168.69,26,37.22,414.33,141.87
28.49,29.59,65.18,94.61,2.36,344.44,94.33,170.06,25.73,38.56,412.92,150.21
29.59,29.21,65.18,94.56,2.32,325.9,94.23,168.89,25.83,36.93,413.65,148.37
29.21,29.43,65.47,94.25,2.37,336.03,94.59,168.88,25.21,37.28,414.6,152
29.43,13.04,65.28,93.8,2.45,334.94,94.74,169.86,25.39,37.21,410.24,152.37
28.91,12.9,65.32,93.89,2.47,338.39,94.83,170.33,25.3,37.25,407.65,151.37
28.32,11.64,65.14,94.05,2.46,342.07,94.93,168.98,24.68,36.83,395.41,151.74
28.85,11.99,64.99,94.22,2.46,352.95,93.92,169.27,24.33,37.72,393.08,148.12
28.46,12.34,64.84,94.19,2.46,350.6,94.16,166.92,24.33,36.87,399.5,151.72
28.52,29.26,65.28,94.75,2.46,356.15,94.18,169.59,25.03,35.86,406.57,152.04
29.26,27.81,64.95,94.01,0,0,0,0,24.98,0,0,0
28.96,0,0,88.93,0,0,0,0,0,0,0,0
0,28.67,64.75,93.78,2.36,341.55,94.39,169.39,25.88,36.71,405.32,146.63
28.67,29.01,64.62,94.05,2.27,335.74,94.18,158.39,23.6,36.49,394.1,146.5
29.01,29.06,64.98,94,2.37,339.49,94.25,169.02,25.16,36.74,410.3,151.77
29.06,29.13,65.13,88.77,2.34,335.94,94.16,168.65,25.63,37.51,412.36,146.48
29.13,29.45,65.13,91.67,2.46,351.8,94.17,169.03,25.12,37.61,406.94,153.05
29.45,29.34,65.27,92.69,2.44,352.94,93.98,167.87,25.39,37.48,406.08,153.91
29.34,29.61,65.5,93.33,2.41,352.14,93.98,169.94,25.73,38.13,406.17,144.2
29.61,29.06,65.28,94.43,2.42,352.8,94.67,168.83,25.21,36.8,403.5,151.7
29.06,28.73,65.13,94.5,2.4,348.08,94.92,165.18,20.61,35.3,394.08,149.21
28.73,29.36,64.89,94.61,2.41,356.91,93.72,170.19,26.98,36.43,399.9,149.54
29.36,28.5,64.67,94.54,2.42,355.01,93.81,170.03,26.72,36.39,397.23,153.7
28.5,28.6,64.77,94.5,2.41,356.29,93.89,170.11,25.73,36.33,401.22,149.71
28.6,28.8,64.72,94.6,2.42,348.47,94.33,168.85,27.15,35.71,404.08,150.14
28.8,28.2,64.58,94,2.4,349.81,94.4,168.29,26,35.6,406.2,148.45
28.2,27.79,64.23,93.86,2.41,350.31,94.39,168.66,25.65,36.36,405.76,151.33
27.79,28.74,64.91,94.26,2.42,340.22,94.2,168.22,25.75,36.98,415.27,152.75
28.74,27.5,64.8,94.45,2.41,369,94.2,168.41,23.17,35.91,409.2,153.25
27.5,27.95,65.15,93.96,2.45,332.5,94.28,168.47,26.54,37.63,415.4,152.25
27.95,27.96,65.22,94.15,2.44,342.4,94.8,168.32,25.64,36.34,398.16,151.5
27.96,28.4,65.4,94.75,2.46,351.7,94.81,168.61,26.62,37.04,390.2,139.28
28.4,28.9,65.26,94.05,2.43,356.3,94.8,170.08,26.27,37.26,395.03,141.1
28.9,29.03,65.24,94.22,2.28,360.5,94.41,169.9,25.47,36.15,397.8,139.75
29.03,28,65.61,94.63,2.36,358.9,94.12,169.84,26.18,35.22,396.5,138.7
28,28.05,65,94.62,2.37,354.79,94,169.62,26.27,35.59,396.06,141.2
28.05,28.77,64.96,94.35,2.41,359.16,94.6,170.14,26.71,37.18,398.37,140.12
28.77,28.91,65.05,94.3,2.42,351.93,94.29,170.56,26.8,35.94,394.8,138.7
28.91,28.88,64.9,94.13,2.37,353.6,94.23,168.93,26.26,34.69,393.57,140.41
28.88,28.83,65.07,94.15,2.38,347.08,94.24,169.08,26.44,35.17,396.62,138.16
28.83,28.33,65.37,94.27,2.41,343.81,94.31,169.95,26.8,36.22,398.11,148.83
28.33,12.93,65.12,93.98,2.4,346.48,94.21,168.42,26.98,35.8,396,147.35
28,13.09,65.21,93.85,2.39,347.94,94.27,169.05,27.25,35.9,396.1,150.45
28.16,13.23,65.1,94.14,2.38,356.76,94.06,167.88,27.16,35.74,389.05,149.22
28.55,13.29,64.3,94.73,2.36,354.06,94.32,166.7,26.8,36.88,410.99,149.37
27.7,13.07,64.73,95.22,2.34,340.75,94.5,165.8,26.8,33.29,405.7,151.041
28.71,26.04,65.02,164.14,2.41,351.41,94.3,169.04,25.81,36.38,400.8,147.28
28.56,0,0,165.43,0,0,0,0,0,0,0,0
0,29.15,65.12,94.19,2.42,352.81,94.18,168.51,25.11,36.88,401.99,150.76
29.15,28.57,64.71,94.7,2.41,352.13,94.21,168.76,25.55,36.02,401.21,150.3
28.57,28.35,65.14,94.73,2.41,350.37,94.5,169,25.64,36.76,403.01,146.07
28.35,28.54,65.14,92.5,2.39,352.75,94.26,169.73,26.49,35.72,396.29,141.24
28.54,0,0,94.65,0,0,0,0,0,0,0,0
0,29.07,64.18,87.53,2.39,338.8,94.09,138.19,27.68,34.09,403,150.58
29.07,28.15,55.24,94.5,1.92,297.79,90.22,156.74,18.57,34.5,361.46,148.94
28.15,28.13,64.41,94.41,2.37,353.82,93.83,170.66,27.51,36.92,392.66,149.87
28.13,28.94,64.8,93.97,2.42,349.63,94.39,168.18,27.6,36.9,390.08,149.56
28.94,28.52,64,94.01,2.41,300,94,159.02,27.02,36,360.5,149.65
28.52,28,53.33,93.9,2.04,298.7,89.33,159.02,19.89,34.99,350.42,150.57
28,26.52,54.14,94.13,1.65,286.82,94.01,144.79,18.66,31,368.67,145.37
26.52,22.9,62.18,94.7,2.22,326.74,93.22,162.39,23.79,31.57,386.4,149.87
22.9,27.24,64.62,94.48,2.39,338.71,93.94,166.58,16.87,33.19,404.83,150.54
27.24,27.35,65.2,94.54,2.39,335.23,94.29,169.39,27.16,33.96,410.16,153.21
27.35,27.3,64.77,94.27,2.37,337.11,94.29,167.79,28.73,33.86,406.94,151.54
27.3,26.61,64.16,94.35,2.39,334.6,94.52,168.4,28.84,33.29,402.5,151.37
26.61,27.92,64.48,95.7,2.28,338.23,94.41,170.5,28.22,35.07,405.4,152.14
27.92,27.9,64.48,95.2,2.28,339.6,94.4,170.5,27.5,35,396.4,151.76
27.9,26.51,64.2,94.3,2.83,341.98,94.5,168.3,27.33,33.45,388,150.25
26.51,24.6,64.5,94.68,2.31,346.8,93.6,168.7,26,34.7,389.8,152.75
24.6,26.17,65.4,94.1,2.31,354.3,93.52,170.4,26.44,34.8,387.8,152.25
26.17,27.2,64.26,94.96,2.29,345.3,93.4,168,26.27,34.59,393.3,152.11
27.2,27.49,62.79,94.85,2.38,344.8,94.02,170.01,26.8,33.75,391.24,153.75
27.49,26.77,62.04,95.4,2.31,345.94,94.05,167.61,26.62,33.34,386.93,152.31
26.77,27.14,62.31,95.59,2.41,343.39,94.37,169.8,25.29,33.01,393.5,156.2
27.14,26.93,61.16,94.5,2.41,345.7,94.12,166.75,25.3,33.17,395.7,138.7
26.93,26.87,63.58,94.28,2.42,345.17,93.76,169.51,25.91,33.11,400.57,143.66
26.87,26.61,60.64,94.58,2.41,345.79,93.91,170.45,25.56,33,401.39,151.66
26.61,13.01,60.77,94.95,2.41,359.81,94.39,168.14,23.89,34.16,398.7,151.08
26.75,13.17,60.25,94.7,2.41,341.45,94.31,169.8,24.95,34,402.32,150.75
26.66,13.08,60.9,95.15,2.41,342.6,94.39,170.5,23.88,35.05,405.7,150.87
26.8,12.89,62.28,95.13,2.42,344.5,93.69,168.1,23.53,33.59,404.29,150.62
26.7,12.61,61.29,94.67,2.38,327.17,94.19,167.4,23.17,32.47,408.08,149.95
24.5,12.9,61.83,94.59,2.38,341.43,94.55,166.82,0,36.65,395.73,149
27.2,24.28,62.27,59.78,2.32,336.4,93.67,165.29,24.38,33.95,392.75,150.36
26.98,0,0,95.53,0,0,0,0,0,0,0,0
0,28.47,60.99,93.52,2.26,323.12,92.64,158.56,21.18,34.98,376.35,149.86
28.47,26.76,60.58,94.87,2.18,314.37,93.13,160.43,19.06,33.17,380.16,149.87
26.76,26.72,64.57,94.87,2.4,341.8,94.18,165.56,27.58,34.31,396.69,151.77
26.72,27,62.4,94.9,2.38,345.16,93.95,168.88,25.96,33.42,394.66,149.38
27,27.35,62.9,94.64,2.37,352.24,93.99,171.24,23.26,33.46,400.95,151.22
27.35,26.39,63.1,93.74,2.38,347.14,94.21,169.06,24.77,33.44,400.76,151.35
26.39,26.25,62.53,95.35,2.38,346.31,94.37,170.06,23.88,33.35,400.9,150.16
26.25,26.18,61.89,95.91,2.39,343.49,94.39,169.49,25.83,33.02,399.08,152.45
26.18,26.61,61.32,94.2,2.37,339.8,94.64,166.93,22.64,32.01,400,150.45
26.61,26.43,61.46,95.45,2.39,339.8,94.56,166.57,22.72,31.79,404.12,148.83
26.43,26.29,60.93,95.39,2.39,335.75,93.97,94.1,23.71,31.58,405.94,149.37
26.29,26.33,62.17,95.22,2.38,336.21,93.91,94.08,25.3,31.54,401.33,153.83
26.33,26.71,61.39,95.54,2.42,333.99,94.68,166.78,25.12,31.52,409.08,151.23
26.71,27.79,61.83,95.46,2.38,334.53,94.1,166.37,25.91,32.42,409.91,153.45
27.79,27.12,61.88,95.49,2.39,334.56,94.12,166.64,25.83,32.39,408.07,152.7
27.12,27.7,49.4,95.69,2.18,317.17,92.6,161.6,22.29,31.9,382.7,150.72
27.7,27.5,61.87,96.33,2.39,338.42,94.48,167.84,18.75,33.8,399.28,150.78
27.5,26.33,60.6,95.65,2.14,344.8,87.42,167.53,15.83,31.06,393.2,150.3
26.33,27.13,63.17,95.31,2.37,352.52,83.89,168.68,24.86,33.28,402.86,150.25
27.13,26.95,65.2,95.28,2.47,350,93.88,164.69,24.94,34.54,396.41,152.2
26.95,27.16,64.65,90.72,2.47,346.5,93.39,168.16,26.99,33.88,399.97,153.91
27.16,27.17,60.84,92.8,2.46,356.2,94.11,169,26.89,33.15,402.52,153.64
27.17,26.68,60.88,95.22,2.42,348.54,94.26,169.81,26.71,32.96,404.35,152.3
26.68,29.23,58.66,96.53,2.42,348.35,94.37,169.01,26.27,32.52,406.25,152.7
29.23,25.89,60.58,98.65,2.37,349.49,94.38,169.74,26.71,34.17,407.89,152
25.89,26.91,64.34,98.61,2.39,343.63,94.32,168.66,25.92,33.86,403.2,154.7
26.91,26.97,63.48,97.62,2.39,339.45,94.42,169.03,26.36,33.92,404.42,154
26.97,26.26,61.84,97.13,2.42,336.88,94.6,168.97,26.1,34.63,400.67,154.12
26.26,26.99,62.02,97.13,2.42,335.4,94.1,169.19,26.36,34.68,398.78,155.16
26.99,13.1,62.01,96.28,2.42,339.9,94.1,169.4,27.34,35.07,400.5,152.58
26.8,13.09,62.4,95.69,2.41,354.1,94.1,167.8,27.34,34.7,398.6,153.75
26.7,13.06,62.73,97,2.37,355.81,93.77,165.9,27.24,34.34,399.21,152.58
26.72,13.02,62.5,95.5,2.35,352.24,93.8,164.71,26.89,33.6,399.08,134.58
26,13.01,61.97,96.4,2.35,351,93.5,165.1,26.98,33,400,135.54
26,13.14,62.28,97.1,2.38,350.06,94.35,161.21,25.1,34.89,398.31,143.04
26.84,24.22,61.7,95.95,2.38,343.69,93.49,162.27,24.56,32.99,401.24,150.77
26.82,0,0,96.4,0,0,0,0,0,0,0,0
0,26.5,62.02,96.05,2.38,343.5,94.3,169.36,23.83,32.66,401.68,150.55
26.5,26.75,61.57,96.33,2.39,336.38,94.28,142.42,24.46,31.89,405.49,151.41
26.75,27.13,60.82,95.21,2.35,343.66,91.4,155.54,22.94,33.09,396.71,151.76
27.13,26.99,61.69,96.38,2.4,343.11,94.35,169.2,26.35,33.82,403.65,153.78
26.99,26.75,60,95.63,2.39,337.84,94.42,162.38,26.18,35.33,402.42,151.28
26.75,26.05,63.47,95.83,2.36,341.26,94.6,163.4,25.65,35.16,414.3,152.18
26.05,26.94,61.64,95.94,2.23,332.82,94.09,151,24.5,32.59,407.27,152.4
26.94,26.7,63.82,96.28,2.39,341.57,94.39,157.92,26.36,33.95,400.59,151.95
26.7,26.07,64.19,96.55,2.38,340.23,94.27,156,26.54,33.49,398.87,153.12
26.07,26.77,64.26,96.36,2.38,343.83,94.21,158.04,26.71,33.7,401.47,151.04
26.77,27.56,64.44,96.31,2.38,343.89,94.39,158.3,26.63,34.31,406.96,151.41
27.56,26.8,64.98,95.73,2.4,344.1,94.51,157.65,26.36,34.53,409.11,151.75
26.8,26.3,64.7,96.63,2.4,341.2,94.66,157.52,25.82,35.03,409.2,152.33
26.3,26.31,64.76,96.74,2.4,340.4,94.58,157.8,25.92,34.17,407.6,152.04
26.31,26.29,6479,97.09,2.41,342.72,94.59,160.55,26.54,35.23,409.6,152.7
26.29,27.2,65.5,97.42,2.4,342.2,94.7,159.2,26.36,34.79,411.9,152.04
27.2,SD,SD,96.34,SD,SD,SD,SD,15.22,SD,SD,SD
SD,SD,29,95.49,0,185.7,59.78,78.9,3.98,28.05,232,141.92
26.8,12.95,56,96.64,2.2,344.9,93.91,157.08,26.98,34.61,412.6,147
27.4,12.4,59.35,96.01,2.11,30.89,93.09,159.77,23.27,32.15,396.27,147.47
26.86,24.65,488.34,96.12,2.19,310.24,94.45,158.43,13.15,34.36,394.68,150.71
26.72,0,0,96.8,0,0,0,0,0,0,0,0
0,26.69,63.12,93.87,2.36,340.21,94.34,158.14,26.08,34.08,404.55,151.91
26.69,26.59,980.9,97.4,2.39,342.34,94.46,158.31,26.36,34.35,406.12,152.06
26.59,27.2,65.5,95.7,2.4,342.2,94.7,158.44,5.94,34.79,411.9,152.04
27.2,28,64.1,97.15,2.26,322.5,94.01,164.9,26.44,32.42,416.7,130
28,26.72,64,96.61,2.38,42.0808,94.06,165.27,25.56,32.76,406.5,132.76
26.72,27.9,64.63,96.29,2.37,344.6,94.04,163.6,26.27,33.28,401.3,146.41
27.9,27.12,64.8,96.09,2.33,342.7,93.96,163.9,25.3,35.75,400.21,151.2
27.12,32.98,64.59,96.76,2.35,340.61,94.03,164.48,25.3,36.64,399.17,154.98
32.98,33.73,64.59,96.69,2.31,354.33,94.2,164.54,24.6,24.6,389.91,154.56
33.73,39.02,64.37,96.89,2.3,345.67,94.89,162.39,24.6,24.6,390.8,151.35
39.02,27.55,67.67,167.78,2.33,351.5,94.39,164.02,25.56,32.31,397.84,151.29
27.55,26.99,64.65,167,2.35,351.43,94.5,163.7,26.37,32.04,396.89,152.7
26.99,26.75,65.09,166.98,2.35,357.41,94.5,165.27,25.74,32,400.13,152.54
26.75,25.57,64.54,165.7,2.34,354.5,94.49,164.21,25.66,32.77,398.64,150.95
25.57,26.22,64.51,96.65,2.36,351.47,94.51,164.33,26.27,32.79,397.42,150.25
26.22,26.3,64.4,97.6,2.37,352.3,94.5,163.5,26.01,33.35,395.4,151.11
26.3,26.67,64.96,96.58,2.35,347.55,94.51,164.64,26.54,32.93,397.52,150.54
26.67,27.11,64.72,97.72,2.31,347.15,94.52,165.79,26.62,32.95,399.62,149.5
27.11,27.13,64.31,96.67,2.32,339.6,94.52,162.4,25.65,32.49,391.8,150.58
27.13,27.75,64.14,97.62,2.33,346.7,94.5,166.88,26.27,32.71,399.21,153.66
27.75,27.5,60.4,96.69,2.05,330.1,89.44,161.24,22.29,31.13,376.9,153.22
27.5,27.51,64,74.6,2.23,331.7,91.83,163.4,25.39,31.43,411.6,151.58
27.51,27.08,65.38,94,2.39,340.61,94.52,164.78,26.9,31.98,401.16,149.04
27.08,27.2,65.2,96.7,2.33,345.39,94.35,165.52,26.18,32.39,397.2,151.97
27.2,27.14,65.15,98.88,2.32,345.84,94.5,167.92,26.71,33.31,396.32,153.04
27.14,27.07,65.13,98.07,2.32,345.4,94.56,167.82,26.09,33.36,395.81,152.11
27.07,26.71,65.14,100.61,2.33,344.33,94.52,166.71,26.54,34.25,392.17,150.87
26.71,27.88,65.12,99.98,2.33,350.94,94.5,165.82,26.35,34.7,388.04,150.27
27.88,12.57,65.14,98.1,2.32,354.04,94.48,167.74,26.72,34.33,391.5,150.28
27.24,12.64,64.72,103.77,2.23,357.49,94.51,168.06,26.01,34.95,392.17,151.58
27.6,12.51,65.11,102.41,2.28,358.71,94.52,167.23,26.53,34.76,392.43,153.45
27.95,12.24,65.03,103,2.29,353.92,95.25,165.3,25.47,34.21,388.25,151.08
27.36,12.4,64.4,103.7,2.31,381.38,94.54,165.41,26.18,34.91,388.3,152.72
27.03,12.5,65.07,99.17,2.25,346.5,94.4,165.5,25.31,33.7,391.8,150.91
27.46,25.05,64.68,99.53,2.32,347.88,94.09,164.71,25.81,32.36,396.22,150.21
27.94,0,0,100.6,0,0,0,0,0,0,0,0
0,30.78,64.44,102.2,2.33,341.74,94.17,164.43,25.45,31.44,400.66,145.89
30.78,30.37,65.07,98.4,2.33,350.78,94.43,164.02,25.42,30.71,396.2,152.62
30.37,26.95,63.92,96.6,2.3,344.98,93.79,164.07,25.66,32.62,393.98,151.31
26.95,27.23,65.02,99,2.32,343.46,94.11,166,26.31,33.06,397.47,151.22
27.23,27.57,64.76,99.84,2.41,340.87,94.74,166.48,26.71,32.86,397.58,146.66
27.57,28.04,65.32,99.36,2.42,357.8,94.78,167.1,26.28,34.8,400,152.71
28.04,27.7,64.6,102,2.42,356.5,94.5,167.3,26.45,37.7,398.8,152.4
27.7,27.59,65.78,102.98,2.44,350.25,94.55,166.69,26.1,36.39,399.46,147.2
27.59,31.9,67.75,97.36,2.4,348.95,94.52,167.3,25.92,37.55,400.24,138.45
31.9,39.87,65.44,97.46,2.37,346.81,94.6,166.04,24.86,38.44,397.7,134.58
39.87,27.78,65.62,96.02,16.7,2.35,94.5,166.87,26.27,33.8,399.66,149.12
27.78,28.1,65.1,95.5,18.5,2.34,94.68,165.76,26.45,35.23,399.88,154.04
28.1,27.73,65.06,95.3,2.35,2.35,94.39,167.27,26.45,37.72,397.8,151.75
27.73,27.93,65.33,95.42,2.36,345.59,94.13,166.4,26.09,37.14,398.99,151.08
27.93,28.06,65.13,96.6,2.36,345.77,94.37,166.22,26.72,37.42,397.51,152.79
28.06,27.9,65.08,97.9,2.37,346.38,94.2,167.63,26.45,38.49,397.45,153.1
27.9,27.82,65.21,96.5,2.34,348.72,94.15,167.06,26.54,39.03,398.26,151.7
27.82,28.45,65.45,99.03,2.34,348.72,94.11,167.73,26.44,38.52,395.71,153.08
28.45,28.95,65.32,96.46,2.35,345.74,94.26,165.97,26.36,39.13,396.7,154.33
28.95,28.45,65.98,99.29,2.34,342.77,94.64,167.43,26.35,39,401.05,151.75
28.45,27.84,65.74,70.91,2.35,344.84,94.69,167.67,26.35,38.23,402.34,154.33
27.84,27.07,65.1,96.02,2.37,345.62,94.59,167.35,26,38.56,395.5,151.75
27.07,26.97,65.66,97.87,2.42,345.7,94.17,167.62,26.53,38.59,396.5,151.51
26.97,27.2,66.39,91.37,2.4,347.22,93.99,168.11,26.36,37.98,399.3,150.41
27.2,26.29,65.24,95.95,2.39,339.4,94.06,166.31,26.98,35.4,398.3,147.29
26.29,26.8,66.1,98.26,2.38,334.07,92.24,168.5,26.8,35.5,395.9,149.5
26.8,27.7,65.49,99.32,2.35,342.1,94.22,165.6,27.42,34.1,393.5,145.83
27.7,27.9,65.9,96.44,2.36,344.9,94.21,165.14,26.98,36.12,392.3,149.72
27.9,27.8,64.9,98.82,2.39,348.4,94.7,167.6,26.98,36.8,389.7,149.7
27.8,12.2,58.47,0,2.03,306.56,91.63,162.95,20.52,35.68,374.6,148.85
28.16,12.11,65.81,,2.37,330.9,94.34,165.8,26.72,37.45,401.4,148.3
28.06,12.09,65.41,,2.39,345.8,94.2,166.8,26.8,36.3,404.9,159.36
28.36,12.39,65.3,,2.39,346.64,94.02,168.05,26.46,37.26,394.7,149.04
27.62,12.55,65.1,,2.37,346.94,93.99,165.38,26.54,36.25,395.4,148.5
27.39,25.69,65.25,,3.54,310.03,94.32,166.93,26.43,36.98,397.04,149.96
28.3,0,0,,0,0,0,0,0,0,0,0
0,30.06,65.61,,4.45,300.5,94.6,166.97,26.13,35.93,399.06,145.87
30.06,30.2,65.63,,6.72,199.17,94.46,166.43,26.14,36.76,398.83,147.4
30.2,28.07,65.41,,2.35,346.11,94.38,166.88,26.36,38.71,398.14,152.69
28.07,27.24,65.67,,2.38,343.11,93.94,166.98,26.86,36.36,395.07,148.74
27.24,0,0,,0,0,0,0,0,0,0,0
0,27.49,64.72,,2.36,345.99,94.31,165.06,26.35,35.04,402.14,145.75
27.49,28.49,65.4,,2.37,347.01,94,165.92,26.19,35.87,401.27,147.79
28.49,27.5,65.24,,2.38,346.9,94.06,167.4,26.09,36.6,402.28,147.47
27.5,27.6,65.22,,2.35,345.8,94.03,167.8,25.57,37.03,402.6,146.41
27.6,27.6,65.77,,2.35,343.7,94.18,97.7,24.85,36.86,401.3,146.7
27.6,27.9,66.6,,2.35,339.9,94.77,98.07,25.39,37.7,400.9,146.66
27.9,28.16,65.2,,2.37,339.43,94.18,97.31,24.68,37.1,400.14,147.29
28.16,29.14,64.6,,2.38,342.6,94.3,97.12,24.41,38.32,402.8,179.58
29.14,28.41,64.46,,2.37,339.91,94.23,166.06,24.59,37.97,406.6,149.66
28.41,28.6,64.78,,2.41,336.8,94.31,168.1,25.03,38.8,409.9,149.83
28.6,28.76,64.38,,2.4,340.53,93.98,167.44,25.03,38.79,407.53,149.45
28.76,28.75,64.56,,2.39,341.61,95.5,168.11,25.38,38.28,409.7,150.1
28.75,28.38,64.73,,2.39,340.65,94.25,167.27,25.43,38.75,407.98,150.91
28.38,28.97,64.88,,2.29,336.3,94.06,169.03,25.75,39.32,408.98,149.04
28.97,30.16,65.59,,2.4,331.68,94.22,167.7,25.21,39.63,410.11,151.12
30.16,29.69,29.12,,1.4,215,70.09,120.7,8.31,36.36,214,120
29.69,0,64.9,,2.35,342.1,94,163.4,14.24,36,400,150.46
0,29.4,65.5,,2.34,343.8,94,165.4,26.54,36.2,405.4,147.79
29.4,29.05,65.41,,2.36,341.48,94.01,168.92,25.38,36.61,404.51,146.81
29.05,29.58,65.18,,2.36,340.8,94,168.75,25.12,37.42,402.4,145
29.58,29.51,65.43,,2.38,337.1,94.01,169.6,26.01,37.6,402.3,151.04
29.51,30.08,65.38,,2.36,336.7,94,168.7,26.01,38.07,403.28,152.13
30.08,29.5,65.18,,2.36,332.4,94,167.7,26.18,36.29,401.02,151.37
29.5,12.83,65.7,,2.29,335.23,94.09,170.81,26.81,36.46,389.4,153.9
29.43,12.85,65.62,,2.38,339.89,94.51,170.07,26.89,36.69,393.12,149.87
29.33,12.91,65.48,,2.34,331.9,94.4,170.22,27.25,36.44,393.4,151
29.59,12.75,65.35,,2.34,335.5,94.4,170.97,26.36,38.32,399.9,151.43
30.53,12.59,65.16,,2.4,333.07,93.78,168.82,27.42,37.99,396,152.08
30.19,12.91,65.28,,2.39,342.41,94,169.27,27.52,36.97,385.95,151.2
29.35,25.34,63.96,,2.32,335.39,93.15,153.19,24.25,37.42,395.34,149.37
28.97,0,0,,0,0,0,0,0,0,0,0
0,27.82,65.45,,2.36,344.1,94.22,152.78,25.44,36.6,401.52,146.87
27.82,28.37,65.11,,2.38,340.41,94.28,132.35,24.86,37.93,404.17,152.74
28.37,29.19,57.78,,2.17,313.05,89.62,144.26,22.02,38.47,370.15,145.27
29.19,29.52,65.28,,2.36,339.2,94,167.5,24.21,36.88,402.7,149.02
29.52,29.8,65.3,,2.4,337.4,94.03,169.6,37.32,37.55,389,151.2
29.8,29.86,65.9,,2.43,337.8,94.02,171.26,27.95,38.5,393.77,153.54
29.86,29.2,65.5,,2.37,337.7,93.9,168.6,27.25,36.7,389.9,154
29.2,29.8,65.1,,2.26,336,93.8,164.09,24.5,37.48,390.6,148.62
29.8,29.55,65.7,,2.42,346.6,93.9,170,27.06,37.24,387.5,153.15
29.55,29.97,65.11,,2.41,342.42,94,169.96,26.45,38.25,382.36,153.66
29.97,29.69,65.51,,2.42,340.45,93.98,170.09,26.36,38.69,382.66,150.79
29.69,29.61,65.4,,2.43,337.24,94.03,170.9,26.36,39.14,384.31,155.12
29.61,30.12,65.07,,2.43,337.24,94.03,171.3,26.71,39.5,379.39,154.29
30.12,29.3,64.89,,2.41,337.24,93.99,165.4,25.56,36.7,382.4,153.87
29.3,29.71,65.93,,2.38,337.24,94.04,169.7,26.54,37.92,390.05,154.21
29.71,29.8,64.7,,2.41,351.6,93.9,167.8,26.89,38.5,384.8,151.7
29.8,29.5,65.1,,2.4,355.3,93.99,168.6,26.72,37.36,386.5,152.75
29.5,29.2,65.8,,2.39,354.1,94,167.6,26.89,37.35,387.5,149.5
29.2,29.98,65.6,,2.39,357,94.11,167.9,26.89,36.32,389.5,154.16
29.98,29.8,65.02,,2.42,355.2,94.29,169.2,26.44,39.3,386.9,155.76
29.8,30.01,65.24,,2.44,353.8,94.28,169.4,26.72,38.28,386.3,152.37
30.01,29.03,65.25,,2.45,352.1,94.29,167.1,26.72,36.99,383.4,151.83
29.03,28.55,64.87,,2.41,353.53,94.29,169.82,27.24,35.55,385.06,151.93
28.55,29.28,65.46,,2.47,358.36,94.39,169.36,26.54,36.24,387.68,150.87
29.28,27.82,65.67,,2.44,356.73,94.28,169.8,26.8,36.49,386.5,150.95
27.82,28.8,26.85,,0.79,212.05,62,127.81,3.89,30.39,217.81,143.66
28.8,28.59,52.29,,2.39,331.54,95.09,165.62,27.51,36.17,395.87,149.8
28.59,28.47,65.22,,2.42,338.47,94.35,166.56,26.89,34.64,399.98,142.08
28.47,28.17,63.79,,2.21,321.47,90.4,159.37,24.15,32.33,402.98,139.31
28.17,12.99,64.88,,2.4,331.2,94.32,165.99,27.51,33.72,406.53,134.2
28.42,13.02,65.21,,2.38,331.51,94.31,170.9,27.95,34.4,395.7,133.5
29.05,12.83,65.03,,2.4,350.15,94.35,171.57,26.8,35.35,389.18,134.75
29.29,12.96,65,,2.38,347.77,94.31,168.03,26.98,35.37,385.75,133.95
28.58,12.89,65.44,,2.39,345.97,94.31,169.11,26.98,36.3,390.54,134.16
28.24,26.61,63.53,,2.34,339.51,0,0,0,0,383.35,148.32
29.24,0,0,,0,0,0,0,0,0,0,0
0,29.7,65.45,,2.39,339.77,93.95,168.71,27.91,37.77,387.97,152.14
29.7,29.71,65.37,,2.41,339.78,94,169.56,26.33,38.21,384.1,153.58
29.71,29.62,65.24,,2.41,354.16,94.12,168.84,26.75,37.73,386.41,152.5
29.62,28.53,57.74,,2.16,324.59,89.26,161.19,23.29,34.54,367.98,146.11
28.53,,,,,,,,,,,
