BENZOL WASHER INLET GAS TEMP,BENZOL WASHER  INLET OIL TEMP,RICH OIL FLOW(M3/hr),STEAM FLOW TO REGENERATOR (T/hr),STEAM TEMP TO REGENERTOR ,DISTILLATION COLUMN TOP TEMP,DISTILLATION COLUMN BOTTOM TEMP,PRODUCTION (TON),PRODUCT TEMP,COG Generation,DISTILLATION COLUMN MIDDLE TEMP,FGC OUTLET GAS TEMP
°C,°C,kpa,kpa,TPH,°C,°C,°C,TON,MT,°C,°C
27.58,35.97,3.12,1.17,2.41,340.52,94.27,168.22,26.09,0,97.12,27.58
27.39,36.58,3.35,1.15,2.41,341.95,94.3,168.92,27.43,0,99.59,27.39
27.59,37.54,2.36,1.14,2.4,339.89,94.29,168.18,26.01,0,97.03,27.59
28.11,36.7,2.54,1.2,2.33,338.7,94.03,167.7,25.11,0,95.6,28.11
28.6,36.13,2.63,1.19,2.37,339,94.3,167,25.29,0,96.4,28.6
28,35.91,2.22,1.82,2.41,337.9,94.4,164,22.64,0,95.9,28
28.6,35.95,2.9,1.82,2.36,330.9,94.29,159.4,23.26,0,95.6,28.6
28.9,36.27,2.27,1.21,2.39,330.9,94.3,164.9,23.25,0,96.3,28.9
28.98,36.08,2.56,1.3,2.33,334.71,94.28,166.43,24.42,0,96.45,28.98
28.2,36.37,2.7,1.28,2.35,337.08,93.92,168.1,25.04,0,96.72,28.2
27.52,35.16,2.83,1.14,2.39,335.91,94.26,169.14,25.83,0,98.32,27.52
27.4,35.91,2.7,1.25,2.4,336.04,94.28,170.323,25.2,0,101.12,27.4
28.29,35.58,2.9,1.32,2.4,339.66,94.29,168.82,25.2,0,98.21,28.29
27.65,36.91,3.7,1.28,2.37,335.04,94.26,166.67,24.14,0,96.6,27.65
27.2,35.02,2.86,1.24,2.36,326.5,94.29,162.23,25.29,0,94.9,27.2
27.83,35.33,2.84,1.1,2.39,333.1,94.27,165.5,25.74,0,96.13,27.83
27.89,35.72,3.61,1.09,2.4,334.63,94.21,166.77,26.98,0,97.31,27.89
28.19,35.29,3.56,1.18,2.37,335.17,94.1,166.8,27.42,0,98.2,28.19
28.2,35.95,3.29,1.38,2.36,346.45,94.08,166.85,26.28,0,96.65,28.2
28.07,34.83,3.6,1.46,2.36,333.86,94.3,163.36,27.15,0,96.68,28.07
28.15,34.95,3.73,1.47,2.37,333.56,94.28,164.8,27.51,0,95.38,28.15
27.95,34.62,3.64,1.42,2.37,327.57,94.29,164.09,26.9,0,96.38,27.95
27.88,35.87,3.92,1.43,2.38,328.44,94.37,164.77,28.21,0,96.27,27.88
28.24,35.91,4.09,1.42,2.37,333.29,94.38,164.17,28.39,0,96.22,28.24
27.89,35.91,3.73,1.59,2.39,337.4,94.59,167.04,28.74,0,96.31,27.89
27.73,35.41,3.67,1.14,2.39,344.91,94.6,167.38,28.56,0,97.26,27.73
28.01,35.91,3.85,1,2.38,339.07,94.3,168.99,28.65,0,97.19,28.01
24.39,35.84,2.75,1.3,2.38,292.65,0,0,0,0,0,0
27.98,36.4,2.73,1.36,2.38,338.41,94.27,168,24.89,0,0,0
28.4,35.98,2.59,1.39,2.37,335.2,94.25,163.68,24.07,0,0,0
27.78,35.68,3.17,1.21,2.38,334.31,94.24,166.08,25.71,0,0,0
28.05,35.43,3.71,1.45,2.37,334.37,94.33,165.01,27.6,0,94.54,0
0,30.76,2.3,0.3,175.47,38.24,318.18,0,0,3034.63,94.75,0
0,30,2.08,0.3,179.03,38.5,331.31,0,0,3260.63,94.67,0
0,31.2,2.47,0.3,180.8,38.77,335.02,0,0,3225.02,95.22,0
0,31.6,2.3,0.32,180.68,39.48,331.09,0,0,3277.71,95.42,0
0,31.3,2.2,0.32,182.72,39.48,340.37,0,0,3353.03,95.48,0
0,31.33,1.77,0.31,184.8,40.03,345.4,0,0,3349.09,80.84,0
0,30,1.9,0.16,139.13,19.62,221.39,0,0,3367.14,91.15,0
0,30.8,2.19,0.29,182.57,39.2,320.17,0,0,3290.59,95.14,0
0,30.62,2.11,0.3,173.89,37.26,330.4,0,0,3270.37,95.28,0
0,31.2,2.04,0.3,185.22,39.18,337.55,0,0,3364.11,95.72,0
0,31.29,2.15,0.31,180.18,39.85,336.63,0,0,3283.43,94.67,0
0,30.7,2.32,0.32,181.92,39.42,335.92,0,0,3220.95,95.15,0
0,30.79,2.31,0.32,182.01,40.31,339.14,0,0,3202.49,94.86,0
0,30.62,2.42,0.32,181.47,40.18,338.47,0,0,3211.91,94.78,0
0,30,2.34,0.3,182.96,39.97,343.51,0,0,3202.74,94.33,0
0,30.2,1.95,0.3,181.04,38.98,332.1,0,0,3173.66,0,0
0,32.9,1.94,0.26,99.14,25.97,297.2,0,0,3281.18,0,0
0,31.54,1.92,0.31,174.93,37.19,314.32,0,0,3332.66,0,0
0,31.8,2.1,0.3,181.34,30.99,331.9,0,0,3328.14,0,0
0,30.19,2,0.31,183.46,34.14,338.62,0,0,3350.25,78.85,0
0,30.41,1.88,0.3,183.13,38.69,336.39,0,0,3330.71,95.4,0
0,30.32,2.2,0.31,182.81,38.96,333.02,0,0,3281.59,94.63,0
0,30.29,2.11,0.32,183.87,38.43,334.8,0,0,3267.22871,94.81,0
0,30.7,2.05,0.32,182.91,39.76,331.4,0,0,101284.09,94.58,0
0,30.25,1.96,0.31,182.64,40.11,327.42,0,0,0,94.69,0
0,30.9,2,0.31,191.45,40.95,324.33,0,0,0,94.51,0
0,30.41,1.96,0.32,182.69,38.71,331.35,0,0,0,94.43,0
0,29.83,1.83,0.32,183.87,37.65,332.9,0,0,0,94.19,0
0,30.16,2.02,0.3,185.58,38.17,334.86,0,0,3319.72,94.5,0
0,30.54,2.1,0.3,183.31,39.03,328.51,0,0,3347.15,94.25,0
0,30.48,2.11,0.3,184.35,39.37,328.29,0,0,3274.6,94.06,0
0,30.7,2.41,0.3,184.64,38.94,331.09,0,0,3291.34,94.34,0
0,29.66,2.2,0.31,185.84,39.29,328.71,0,0,3295.74,94.27,0
0,31.6,2.25,0.32,184.49,39.15,324.41,0,0,3291.33,94.92,0
0,31.01,2.09,0.3,186.74,39.16,319.23,0,0,3313.36,94.3,0
0,30,1.9,0.31,181.13,38.2,314.08,0,0,3287.71,94.51,0
0,30.29,2.06,0.31,185.67,39.47,321.72,0,0,3204.52,94.33,0
0,30.62,2.06,0.31,180.72,38.75,326.72,0,0,3216.28,94.66,0
0,30.8,2.01,0.31,180.23,39.48,334.88,0,0,3177.42,93.42,0
0,30.8,2,0.31,180.9,39.31,335.22,0,0,3195.85,94.17,0
0,31.04,2.37,0.31,181.5,38.88,332.61,0,0,3255.42,94.92,0
0,31.08,2.31,0.31,182.71,39.07,330.86,0,0,3264.66,94.43,0
0,30.95,2.24,0.3,182.9,39.44,331.29,0,0,3283.39,95.18,0
0,30.25,2.45,0.31,182.82,38.97,330.84,0,0,3274.2,95.03,0
0,31.7,2.31,0.31,183.79,39.11,333.66,0,0,3280.52,95.3,0
0,31.5,2.4,0.31,184.62,38.85,332.02,0,0,3188.47,95.1,0
0,30.73,2.07,0.3,184.29,38.77,331.55,0,0,3176.92,94.39,0
0,31,1.9,0.3,185.2,38.22,330.52,0,0,2867.97,94.51,0
0,30.42,2,0.3,183.56,38.62,331.92,0,0,3079.09,94.61,0
0,31,1.96,0.3,179.35,39.45,330.68,0,0,2923.97,94.98,0
0,31.4,1.97,0.3,180.85,38.68,326.33,0,0,3087.43,94.8,0
0,31.95,2.33,0.3,180.76,38.37,325.78,0,0,3133.05,94.6,0
0,31.95,2.7,0.3,181.73,38.63,325.04,0,0,3234.52,94.9,0
0,32.29,2.52,0.31,182.25,38.79,323.67,0,0,3267.66,94.63,0
0,32.12,2.71,0.31,182.55,39.03,324.8,0,0,3279.63,93.9,0
0,32.58,2.37,0.31,181.6,40.31,322.75,0,0,3275.57,94.42,0
0,31.7,2.2,0.31,183.21,39.13,327,0,0,3217.410357,95.08,0
0,31.66,2.32,0.31,182.42,39.09,334.38,0,0,90087.49,95.28,0
0,31.75,2.28,0.29,185.27,38.87,336.41,0,0,0,156.77,0
0,32.5,2.33,0.3,185.02,39.02,335.36,0,0,0,155.8,0
0,32.66,2.29,0.3,185.54,39.35,336.19,0,0,0,156.53,0
0,32.45,2.3,0.3,186.33,39.28,337.4,0,0,0,155.52,0
0,31.75,2.12,0.3,185.01,39.09,336.43,0,0,0,154.75,0
0,32.45,2.07,0.3,180.42,39.39,335.02,0,0,0,155.86,0
0,32.75,2.15,0.31,181.21,39.29,335.56,0,0,0,156.02,0
0,34.94,2.12,0.28,165.28,35.76,304.4,0,0,3322.07,154.12,0
0,32.25,0.73,0.23,152.62,28.12,288.36,0,0,3318.43,155.24,0
0,31.28,1.2,0.29,182.65,39.69,334.12,0,0,3331.88,154.56,0
0,32.58,1.21,0.31,183.17,39.36,335.02,0,0,3388.07,141.65,0
0,32.45,1.57,0.31,182.99,39.34,334.2,0,0,3425.22,137.7,0
0,32.2,1.77,0.32,183.66,40,332.68,0,0,3401.03,156.72,0
0,32.41,1.8,0.32,183.74,39.68,331.81,0,0,3388.43,158.17,0
0,33.6,2.11,0.31,183.35,38.85,329.28,0,0,3218.05,157.3,0
0,33.17,2.19,0.31,183.41,38.94,330.31,0,0,3192.95,157.7,0
0,32.6,2.21,0.31,183.34,40.01,342.24,0,0,3303.61,156.58,0
0,31.92,2.35,0.31,185.43,39.96,346.71,0,0,3048.3,155.55,0
0,33.91,2.27,0.32,184.7,40.2,339.58,0,0,2727.02,155.3,0
0,33.29,2,0.3,182.96,39.68,335.38,0,0,2943.73,155.65,0
0,32.95,1.7,0.3,183.84,39.67,334.12,0,0,3107.37,163.75,0
0,33.12,2.12,0.31,182.32,40.22,327.04,0,0,3090.02,164.92,0
0,34.16,2.49,0.31,181.37,40.2,322.75,0,0,3259.08,155.61,0
0,33.1,2.28,0.31,141.1,21,19.16,0,0,3308.47,156.37,0
0,33.42,2.13,0.17,168.86,38.04,318.81,0,0,3347.56,153.56,0
0,34.2,2.02,0.29,180.98,39.79,323.41,0,0,3358.79,152.56,0
0,34.54,2.34,0.3,181.91,40.16,324,0,0,3451.47,124,0
0,33.29,2.34,0.29,185.23,39.85,334.99,0,0,3396.31,148.13,0
30.26,34.04,2.16,0.3,185.43,41.12,333.84,0,0,3409.44,150.64,0
30.22,33.12,2.36,0.3,184.3,40.45,334.96,0,0,3071.89,151.72,0
30.53,32.79,2.34,0.3,184.61,40.48,335.3,0,0,3305.51,154.11,0
30.31,33.3,2.47,0.3,183.2,40.48,34.29,0,0,3434.42,96.22,0
30.12,32.9,2.46,0.3,183.2,40.48,334.29,0,0,3444.2,95.53,0
30.08,33.5,2.53,0.31,184.78,40.25,340.96,0,0,3435.7,95.43,0
29.95,33.5,2.57,0.31,184.4,40.05,341.15,0,0,3416.27,95.4,0
30.88,33.07,2.67,0.31,185.85,40.21,340.8,0,0,3417.64,85.4,0
32.69,32.83,2.71,0.28,185.31,39.46,348.92,0,0,3420.54,95.18,0
32.15,32.78,2.78,0,0,0,0,0,0,3295.500968,95.01,0
29.5,32.23,2.75,0.3,184.2,39.5,345.9,0,0,0,95.4,0
30.6,32,2.5,0.3,185.43,41.12,333.84,0,0,3407.24,95.01,0
30.6,31.7,2.51,0.31,184.63,41.09,341.26,0,0,3427.82,94.6,0
30.8,31.69,2.86,0.28,185.43,40.7,359.82,0,0,3424,96.22,0
30.75,32,2.86,0.28,184.24,40.31,359.21,0,0,3437.96,94.9,0
30.28,32.04,2.77,0.24,186.3,40.42,363.5,0,0,3387.2,95.38,0
30.12,32.91,3.19,0.24,186.92,41.35,358.16,0,0,3485.38,95.44,0
31.04,31.83,3.07,0.29,187.48,41.71,335.38,0,0,3440.41,95.33,0
30.5,32.05,3.01,0.3,186.24,41.61,334.89,0,0,3433.02,95.28,0
31.29,32.33,3.15,0.3,183.77,41.63,352.58,0,0,3482.52,95.31,0
31.72,32.25,3.06,0.29,183.76,41.47,353.11,0,0,3481.77,95.17,0
31.68,32.19,3.02,0.29,185.1,41.38,355.47,0,0,3500.52,95.73,0
31.01,32.23,2.55,0.29,186.3,41.23,353.63,0,0,3492.08,95.93,0
31.11,36.54,3.03,0.28,184.17,40.21,353.8,0,0,3496.48,95.56,0
32.37,37.54,2.45,0.28,182.27,40.17,350.9,0,0,3493.96,95.15,0
30.7,38.25,2.61,0.28,184.36,40.44,344.78,0,0,3495.89,95.6,0
0,38.5,2.31,0.29,183.38,40.24,340,0,0,3480.74,95.41,0
0,31,2.18,0.08,131.3,12.95,183.99,0,0,3472.56,95.59,0
0,32.95,2.34,0.26,154.58,35.32,320.51,0,0,3481.4,3343.08,49.02
0,31.2,2.4,0.29,180.7,39.7,327.25,0,0,3462.08,97.8,0
0,32.8,2.6,0.29,179.57,39.68,328.12,0,0,3528.8,62.15,0
0,32.25,2.28,0.3,182.82,39.72,328.18,0,0,3463.07,92.5,0
0,31,1.77,0.18,137.88,18.98,206.98,0,0,3493.72,95.63,0
0,31.63,0.98,0.3,180.03,39.56,333.01,0,0,3536.53,96.01,0
0,31.42,2.32,0.3,183.7,40.13,334.4,0,0,3502.24,96.92,0
0,32.33,2.45,0.29,183.89,39.43,338.4,0,0,3512.18,69.34,0
0,11.85,2.35,0.29,183.54,39.26,339.08,0,0,3518.27,96.12,0
0,12.15,2.69,0.3,184.61,39.56,340.12,0,0,3494.72,95.12,0
0,12.15,2.66,0.29,184.65,39.1,341.57,0,0,3505.49,94.69,0
0,12.15,2.72,0.31,184.77,40.25,336.76,0,0,3476.95,94.69,0
0,12.4,2.9,0.29,185.53,39.38,336.5,0,0,104271.33,95.04,0
0,12.5,3,0.3,186.39,39.2,340.8,0,0,0,94.57,0
0,12.45,2.98,0.3,178.29,40.26,341.66,0,0,0,95.03,0
0,12.39,2.93,0.3,179.9,39.88,334.73,0,0,0,95.69,0
0,12.15,2.87,0.3,179.61,39.42,333.13,0,0,0,95.4,0
0,12.08,2.65,0.29,182.17,39.07,334.13,0,0,0,95.46,0
0,12.1,2.54,0.29,182.31,39.12,335.13,0,0,3453.93,95.33,0
0,12.1,2.51,0.3,183.51,39.38,336.13,0,0,3450.27,95.89,0
0,12.27,2.66,0.31,182.5,39.77,334.45,0,0,3347.43,95.84,0
0,12.22,2.78,0.3,181.56,39.41,331.09,0,0,3496.43,95.56,0
0,11.89,2.36,0.3,178.41,39.12,328.25,0,0,3501.46,95.83,0
0,11.81,2.27,0.3,181.12,39.11,330.76,0,0,2973.73,95.89,0
0,12.36,3.87,0.32,182.42,39.19,331.39,0,0,2258.12,95.84,0
0,12.31,2.78,0.29,183.34,39.72,332.72,0,0,2873.37,91.97,0
0,12.02,2.59,0.29,182.58,39.38,331.62,0,0,3046.85,92.23,0
0,12,2.6,0.3,180.2,40.28,333.48,0,0,3340.48,93.86,0
0,31.45,3.23,0.29,183.19,39.65,340.37,0,0,3519.34,94.29,0
0,32.45,3.15,0.3,182.52,40.6,344.65,0,0,3520.03,95.7,0
0,31.77,3,0.28,178.52,36.65,329.66,0,0,3546.44,95.57,0
0,31.91,3.18,0.3,182.99,38.7,349,0,0,3493.37,95.93,0
0,32.14,3.19,0.28,183.01,38.64,347,0,0,3532,96.47,0
0,32,2.87,0.28,184,38.95,350.22,0,0,3520.59,95.24,0
0,33.2,2.85,0.25,172,30.16,309.29,0,0,3360.92,73.75,0
0,31.87,2.24,0.29,181.94,39.35,330.29,0,0,3412.31,94.37,0
0,32,2.96,0.3,183.91,40.33,332.88,0,0,3295.36,95.34,0
0,31.9,3.05,0.3,185.08,40.45,339.07,0,0,3522.3,95.46,0
0,32.33,3.31,0.3,183.53,40.35,333.8,0,0,3499.58,95.33,0
0,32.54,3.3,0.3,182.17,40.25,339.1,0,0,3525.43,95.29,0
0,12.6,3.31,0.3,182.31,40.27,338.88,0,0,3329.51,94.87,0
0,12.56,3.3,0.3,182.27,39.8,339.42,0,0,3239.54,94.31,0
0,12.48,3.22,0.29,182.49,39.74,337.82,0,0,3192.57,94.52,0
0,12.6,3.25,0.3,183.74,39.92,338.42,0,0,3323.11,94.8,0
0,12.49,3.12,0.3,183.46,39.56,337.88,0,0,3305.76,95.05,0
0,11.95,2.7,0.3,183.77,39.45,337.44,0,0,3333.16,94.77,0
0,11.8,2.51,0.3,182.86,39.18,341.19,0,0,3277.67,94.97,0
0,11.83,2.6,0.3,184.87,39.42,342.19,0,0,3255.88,94.73,0
0,12.6,3.25,0.29,184.53,39.45,340.39,0,0,3329.046129,94.81,0
0,12.4,3.2,0.29,184.19,39.47,337,0,0,103200.43,95.49,0
0,12.3,3.2,0.31,184.87,40.15,337.4,0,0,0,95.26,0
0,12.6,3.33,0.32,183.75,40.17,335.41,0,0,0,95.44,0
0,12.5,3.3,0.31,180.15,39.83,334.2,0,0,0,95.25,0
0,12.58,3.46,0.3,180.39,39.51,334.58,0,0,0,57.45,0
0,12.6,3.4,0.29,181.44,39.32,337.43,0,0,3102.84,59.53,0
0,12.4,3.2,0.3,181.53,40.22,333.1,0,0,3130.3,95,0
0,12.4,3.2,0.3,181.4,39.88,332.29,0,0,3088.8,95.39,0
0,12.4,3.2,0.29,182.52,39.8,336.87,0,0,3101.31,96.2,0
0,12.53,3.69,0.29,182.39,39.66,337.42,0,0,3162.1,95.63,0
0,20.04,3.12,0.3,182.44,39.32,337.25,0,0,3145.26,95.5,0
0,32.13,3.07,0.28,180.89,37.62,338.6,0,0,3157.87,95.6,0
0,24.79,3.09,0.3,182.96,40.07,336.41,0,0,2733.16,95.8,0
0,12.24,2.95,0.3,183.92,39.49,339.22,0,0,3074.27,92.05,0
0,31.37,2.65,2.37,2.39,0,94,171.89,28.22,3151.27,95.12,0
0,32.6,3.1,2.38,2.4,0,93.97,171,29.01,3198.62,95.2,0
0,31.95,3.19,2.43,2.41,0,93.98,171.14,29.01,3180.67,94.9,0
0,32.04,3.44,2.42,2.4,0,93.96,170.7,28.66,3186.08,95.1,0
0,30.7,3.28,2.42,2.4,0,93.94,168.25,29.36,3183.72,95.1,0
0,31.58,3.23,2.48,2.39,0,93.96,169.37,28.84,3158.85,95.4,0
0,31.7,3.19,2.56,2.39,0,93.93,170.7,27.85,3180.68,95.42,0
0,32.25,3.3,2.59,2.41,0,93.93,170.99,28.12,3179.8,94.93,0
0,32.25,3.35,2.6,2.4,0,93.96,169.6,28.13,3166.49,95.55,0
0,31.25,3.01,2.82,2.39,0,94.12,169.01,26.35,2527.54,95.25,0
0,31.2,3.3,2.96,2.39,0,93.88,170.23,28.13,2906.62,95.46,0
0,29.9,3.3,3.45,2.4,0,94.16,151.45,27.25,3125.89,95.37,0
0,30.19,2.58,1.9,2.35,0,94.57,166.61,21.4,3233.13,95.31,0
0,31.97,2.67,1.94,2.36,0,94.66,156.22,25.03,3307.75,86.53,0
0,30.89,2.03,2.5,2.35,0,93.49,169.34,22.12,3330.48,95.85,0
0,31.92,2.6,2.3,2.32,0,94.09,170.28,23.88,3329.55,95.77,0
0,31.58,2.81,2.39,2.4,0,93.62,170.24,27.59,3362.7,95.23,0
0,32,3.1,2.48,2.38,0,93.81,170.6,28.31,3371.47,95.04,0
0,31.65,3.66,2.46,2.37,0,93.92,170.34,27.69,3140.539667,97.35,0
0,30.47,2.76,1.84,1.97,0,88.02,156.1,19.02,94216.19,95.58,0
0,30.47,2.63,2.45,2.38,0,93.64,170.9,28.14,0,96.4,0
0,32.5,3.38,2.18,2.44,0,94.26,172,26.28,0,96.9,0
0,32.08,3.17,2.24,2.43,0,94.21,172.37,26.09,0,92.44,0
0,31.91,3.2,2.23,2.44,0,94.24,172.41,26.8,0,92.48,0
0,31.3,3.46,2.24,2.37,0,94.19,169.13,26.9,0,92.66,0
0,31.95,3.28,2.3,2.4,0,94.18,171.36,27.42,3335.97,92.81,0
0,32.1,3.1,2.44,2.41,0,94.27,171.43,26.18,3385.64,94.15,0
0,31.69,2.58,2.44,2.38,0,94.18,170.29,23.61,3370.92,94.69,0
0,31.91,2.49,2.48,2.38,0,94.19,169.66,22.82,3413.44,93.23,0
0,31.58,3.02,2.42,2.38,0,93.84,168.84,26.55,3438.01,94.19,0
0,31.75,3.1,2.39,2.39,0,93.96,170.57,28.76,3389.81,94.13,0
0,31.56,3.24,2.63,2.4,0,93.96,169.74,28.11,3463.11,94.54,0
0,31.21,2.73,2.42,2.37,0,94.06,164.96,25.08,3460.61,87.92,0
0,31.48,3.18,2.23,2.34,0,93.21,169.04,25.85,3445.22,96.15,0
0,31.91,2.79,2.4,2.38,338.14,94.12,170.45,24.94,3467.45,97.32,0
0,32.2,3.05,2.43,2.39,337.53,94.05,169,26,3501.4,97.09,0
0,31.91,3.48,2.42,2.39,332.52,94.1,170.26,27.24,3413.97,95.05,0
0,31.66,3.5,2.42,2.33,340.45,93.83,168.13,26.27,3503.83,96.7,0
0,32.29,3.64,2.43,2.36,337.81,93.75,169.85,26.98,3546.65,95.33,0
0,32.33,3.8,2.81,2.43,340.66,94.7,167.63,27.15,3509.5,95.42,0
0,32.79,3.36,2.79,2.38,342.37,94.37,168.1,26.53,3507.87,95.92,0
0,31.7,3.61,2.84,2.38,337.9,94.62,169.78,27.25,3525.76,95.6,0
0,32.5,3.52,3.12,2.38,339.81,94.84,167.4,26.26,3539.42,95.88,0
0,31.39,3.5,2.59,2.45,344.58,93.85,168.22,26.8,3357.99,95.31,0
0,31.29,3.41,2.1,2.45,345.17,94.25,169.79,26.36,3526.52,95.63,0
0,32.3,3.14,2.93,2.34,348.71,94.18,168.36,27.08,3526.63,95.7,0
0,32.68,3.5,2.39,2.38,343.71,93.71,166.79,27.78,3549.69,95.32,0
0,31.8,3.52,3.22,2.39,349.22,93.84,167.82,27.69,3552.94,95.83,0
0,32.8,3.7,2.55,2.38,346.51,94.12,170.12,27.13,3556.67,95.49,0
0,32.3,3.18,2.55,2.38,345.1,94.23,170.12,27.28,3568.67,95.81,0
0,32.3,3.27,2.66,2.39,346.51,94,169.98,28.21,3488.36,95.43,0
0,31.6,3.31,2.77,2.39,339.5,94.53,169.77,28.65,3477.81,95.13,0
0,32.89,3.38,3.04,2.38,343.63,94.42,168.9,26.88,3505.7,95.18,0
0,32.58,3.22,2.98,2.39,344.14,94.49,169.91,27.6,3485.83,96.23,0
0,31,2.84,2.11,1.75,277.46,87.46,158.33,20.43,3489.73,95.48,0
0,31.92,2.19,2.47,1.48,267.78,51.56,115.03,13.62,3474.186129,95.79,0
0,32.16,2.99,2.38,2.38,333.7,93.8,165.92,26.18,107699.77,95.46,0
0,31.33,3.15,2.5,2.33,339.21,93.7,166.81,26.36,0,94.77,0
0,31.33,2.94,2.27,2.4,338.96,94.06,167.65,26.81,0,95.73,0
0,32.14,3.33,1.81,2.4,339.63,94.12,167.39,27.95,0,95.63,0
0,31.75,3.46,1.84,2.39,338.42,94.19,168.29,28.13,0,95.66,0
0,30.21,3.56,1.7,2.4,337.21,94.08,168.94,28.48,3477.7,95.34,0
0,30,3.33,1.89,2.38,339.44,94.22,168.46,28.66,3510.59,95.24,0
0,29.67,3.43,1.86,2.36,343.64,93.73,167,28.49,3487.06,95.15,0
0,31.32,2.96,1.79,2.34,345.49,93.9,166.4,0,3404.49,95.77,0
0,31.81,3.3,2.45,2.33,336.65,92.54,166.47,26.51,3398.38,95.73,0
0,32.16,3.37,2.53,2.38,338.5,94.13,169.06,26.44,2840.09,95.99,0
0,32.04,3.48,2.74,2.4,342.74,94.4,168.47,26.78,3042.29,95.06,0
0,32.34,3.41,2.74,2.38,344.88,94.12,169.07,27.66,3292,95.1,0
0,31.78,2.95,2.36,2.16,320.13,87.03,158.72,24.14,3275.73,92.31,0
27.16,31.08,3.39,1.75,2.28,353.58,93.8,165.69,27.77,3410.75,95.58,0
26.41,29.58,3.12,1.78,2.34,353.73,94.12,167.23,28.21,3506.12,95.4,0
25.42,30.08,3.39,1.78,2.35,351.66,94.96,167.72,28.04,3552.15,94.34,0
26.92,31.12,2.98,1.8,2.33,353.48,94.25,168.48,28.04,3546.2,98.24,0
26.32,36.82,2.95,1.74,2.36,346.94,93.95,168.56,27.51,3597.84,95.81,0
26.54,33.47,2.38,1.71,2.34,343.26,93.92,168.6,27.18,3548.24,94.7,0
25.7,30.62,2.6,1.71,2.36,343.23,93.69,167.85,27.86,3302.19,94.5,0
25.95,32.91,2.4,1.71,2.36,342.29,93.74,167.72,24.51,3476.83,86.13,0
26.37,34.2,2.21,2.02,2.37,342.83,93.54,169.69,26.54,3538.07,94.33,0
26.44,33.33,2.24,2.14,2.37,341.78,93.92,169.1,25.48,3561.63,95.82,0
26.9,31.9,2.15,2.18,2.38,342.62,94.31,163.42,26.8,3593.06,94.21,0
26.49,31.75,2.58,2.48,2.35,347.25,94.09,170.39,27.07,3606.29,94.62,0
26.63,31.72,2.69,2.39,2.28,345.8,94,168.31,26.54,3588.06,94.29,0
26.62,31.57,2.83,2.18,2.34,317.69,94.32,167.36,26.54,3599.76,95.09,0
26.25,31.7,2.24,2.92,2.36,348,94.46,163.21,26.18,3609.75,95.66,0
26.11,31.7,2.21,2.55,2.39,353.71,94.31,168.18,26.63,3605.19,94.11,0
25.84,31.04,2.95,2.56,2.38,349.88,94.22,169,28.3,3605.87,96.15,0
25.54,31.1,2.92,2.58,2.37,348.84,94.14,168.62,27.6,3407.17,95.79,0
25.56,30.57,2.98,2.6,2.37,349.38,93.89,169.96,27.69,3614.55,95.3,0
26.62,28.18,3.06,2.59,3.36,346.76,93.91,169.75,27.96,3498.32,95.57,0
25.67,19.61,3.48,2.6,2.37,348.11,94.05,169.17,28.12,3615.41,95.69,0
25.59,28.38,2.95,1.59,2.37,341.32,94,169.03,27.77,3463.270645,95.43,0
25.64,29.83,3.52,1.97,2.38,342.1,94.07,170.2,28.3,107361.39,95.08,0
25.43,30.34,3.55,1.56,2.36,348.13,93.36,168.18,27.7,0,95.9,0
25.41,29.78,3.6,1.55,2.37,345.24,93.71,168.88,28.03,0,96.78,0
24.33,33.15,3.02,1.56,2.37,346.97,94.42,169.14,26.8,0,95.4,0
25.3,28.87,3.75,1.57,2.39,345.99,94.25,167.5,26.72,3569.5025,94.99,0
25.66,29.47,2.38,1.56,2.39,340.87,94.42,167.75,26.44,3556.11,94.82,0
26.03,30.85,0,2.04,2.39,345.77,94.07,168.17,27.23,3533.17,95.31,0
26.35,31.82,2.97,1.75,2.34,349.41,94.1,167.73,27.8,3559.93,94.37,0
26.49,32.48,2.44,2.16,2.35,340.04,93.99,168,26.21,3493.13,95.04,0
25.94,29.13,2.83,2.63,2.51,349.24,94.14,168.27,27.5,3564.79,94.64,0
25.34,29.97,3.25,1.62,2.38,344.37,94.03,168.67,27.39,3546.85,94.12,0
25.58,31.27,3.39,2.13,1.49,251,65,118,14.86,3340.48,94.71,0
25.49,28.5,3.08,2.32,2.36,228.6,94.8,167.3,27.86,3535.2,94.6,0
25.62,28.59,3.74,1.98,2.37,336.11,94.91,168,28.31,2901.15,94.87,0
25.61,28.16,3.26,2.01,2.4,336.08,94.89,168.18,28.84,2860.38,94.81,0
25.2,27.87,3.14,2.12,2.37,336.68,94.5,165,28.3,2858.6,87.93,0
26.05,28.29,2.19,2.24,2.38,338.99,94.64,167,28.04,2942.33,80.92,0
25.6,28.54,3.21,2.25,2.38,339.96,94.75,167.74,27.34,3094.81,94.31,0
26.1,29.3,3.39,1.9,1.86,339.2,93.97,166.59,18.31,3191.23,94.33,0
25.29,27.85,2.98,1.3,2.37,347.58,94.03,166.83,27.16,3259.08,95.73,0
25.4,28,2.95,5.82,1.35,190.03,70.78,133.88,12.2,3349.87,96.12,0
25.55,26.44,2.98,8.42,0.52,178,36.05,155,0,3268.35,95.92,0
25.28,26.49,3.3,4.18,1.77,270.3,98.9,155,2.12,3342.87,95.25,0
25.81,28.81,3.27,1.89,1.85,321.13,0,95.2,20.62,98266.43,95.65,0
26.64,29.74,3.12,2.16,2.37,341.76,94.42,94..63,27.42,3540.985714,95.92,0
26.52,28.29,3.19,2.28,2.38,343.81,94.35,94.94,23.45,3513.951429,95.9,0
24.56,32.33,2.93,2.69,1.96,293.5,90.5,18.5,28.4,3015.368571,95.39,27.16
26.73,29.9,2.52,5.7,0.4,143.1,57.3,6.4,22.6,3290.387143,95.32,26.41
27.6,30.3,2.7,2.27,2.35,344,93.7,167,25.29,0,95.96,25.42
26.96,29.82,2.85,2.44,2.39,338,94,166,24.86,3008.21,95.29,26.92
25.91,30.12,2.5,2.31,2.4,340.1,94,165,27.78,3192.68,95.73,26.32
25.29,32.54,2.9,3.8,2.35,340,93.88,164.6,26.63,3339.31,95.37,26.54
25.58,30.8,2.93,2.35,2.4,337.3,94.1,166.2,28.22,3454.16,94.4,25.7
0,29.18,0,2.93,2.02,299.9,87.31,140.11,22.66,3558.37,94.99,25.95
25.5,28.88,3.32,2.11,2.2,297.69,88.82,157.3,25.63,3511.69,95.81,26.37
25.61,27.84,3,3.73,1.8,286.29,83.3,158.86,16.45,3570.09,95.68,26.44
25.98,29.81,0,2.94,1.79,288.66,84.14,53.76,24.5,3368.07,96.18,26.9
26.27,30.72,2.78,2.63,2.38,339.88,93.94,165.76,26.56,3472.12,95.09,26.49
25.74,31.03,2.74,3.95,2.4,339,94,168.2,27.68,3488.98,94.85,26.63
26.01,31.45,2.79,4.11,2.46,335.34,94.02,168.29,27.86,3448.84,95.31,26.62
25.5,31.16,2.78,3.52,2.03,323.8,92.75,161.35,21.23,3484.02,94.94,26.25
30.7,31.6,1.87,3.97,2.36,341.4,93.95,168.03,26.53,3556.92,95.25,26.11
28.34,31.79,2.82,3.97,2.38,337.82,93.96,167.32,26.62,3558.42,95.33,25.84
25.49,30.59,2.94,2.92,2.37,331.45,93.28,169.34,29.02,3562.79,95.13,25.54
25.57,31.21,2.16,1.6,1.93,340.94,89.63,164.7,19.72,3404.72,94.36,25.56
25.76,31.02,2.22,1.76,1.85,337.4,91.98,166.47,18.84,3540.94,94.94,26.62
25.56,31.56,2.43,1.81,2.43,336,94.46,169.35,27.06,3165.17,94.97,25.67
26.17,32.37,2.36,1.98,2.4,337.9,94.5,168.3,25.21,2894.89,95.05,25.59
26.04,30.39,2.98,2.05,1.93,328.6,92.4,165.8,18.31,2533.31,94.32,25.64
25.55,31.55,2.57,1.31,2.44,346.35,93.8,167.23,26.18,2839.23,94.58,25.43
0,30.22,2.13,1.69,1.93,321.8,88.69,162.7,18.65,3139.33,94.86,25.41
25.57,30.83,2.52,0.93,2.41,355.67,93.95,167.9,26.71,3158.11,95.29,24.33
25.45,32.76,2.31,0.99,2.4,354.84,93.91,168.58,25.83,3290.24,94.91,25.3
25.25,31,2.76,0.92,2.38,348.7,94.2,165.3,26.27,3360.32,95.11,25.66
25.28,29.16,2.15,1.21,1.93,328.95,91.05,161.94,18.3,3445.31,65,25.58
26.04,31.89,2.65,1.48,2.42,329,94.42,168.24,26.18,3426.72,95.3,25.49
25.34,31.97,2.68,1.53,2.34,338.4,94.31,167.39,24.86,3340.16,94,25.62
25.68,31.2,2.25,1.55,1.86,328.39,94.25,167.97,15.57,3298.14,94.76,25.61
26.05,29.95,1.98,2.3,1.84,311.27,92.35,162.96,16,3251.58,94.36,25.2
26.18,31.83,2.8,2,2.4,337.4,94.8,166.9,24.24,3331.441,94.61,26.05
26,31.4,2.81,2.11,2.4,337.8,94.2,166.4,23.35,99943.23,95.05,25.6
25.6,30.41,2.02,1.86,1.82,316,91.7,161.3,14.49,3370.912857,92.65,26.1
25.87,31.7,2.64,1.95,2.42,337.7,93.8,166.7,24.67,3484.537143,94.68,25.29
25.68,31.24,2.56,2.13,2.44,332.8,93.8,166.3,24.15,3467.568571,70.38,25.4
25.93,31.37,2.42,2.1,2.41,342.1,93.8,168.2,23.8,3030.775714,35.21,25.55
25.79,31.41,2.3,2.48,2.43,344.6,93.9,167.8,23.08,3221.17,74.13,25.28
25.91,31.43,2.53,2.06,2.41,340,93.95,167.3,24.23,3202.73,0,25.32
25.97,31.4,2.87,1.9,2.44,334.28,94.1,166.96,24.06,3182.65,0,26.19
25.93,31.37,2.8,1.91,2.43,332.3,93.8,167.4,24.23,3207.6,0,25.62
0,31.23,2.5,2.13,2.26,335.86,93.35,166.54,23.32,3099.77,0,25.2
26.7,31.28,2.46,2.79,2.19,335.54,92.86,166.65,24.15,2989.02,0,25.49
0,31.3,2.52,1.41,2.27,341.98,93.06,166.54,23.88,2913.75,0,25.41
25.8,31.06,2.47,1.74,2.17,330.17,93.63,165.97,21.21,2913.33,0,25.6
25.82,31.28,2.48,2.07,2.34,335.35,93.58,166.37,22.64,2884.77,0,25.61
27.03,31.89,3.05,1.67,2.38,333.41,93.94,170.75,25.65,3595.43,150.61,25.81
26.85,32.82,3.15,2.43,1.77,333.35,93.65,138.48,24.67,3578.25,166.54,26.64
27.2,31.4,2.3,1.33,1.88,321.17,92.97,169.12,16.54,3584.1,165.12,26.52
26.5,32.51,2.79,1.44,2.45,336.7,93.92,168.69,22.02,3598.21,157.5,24.56
27.08,33.8,2.8,1.24,2.42,338.19,94.07,171.22,23.17,3592.73,109.4,26.73
27.09,33.12,3.12,1.01,2.44,340.42,93.92,170.42,22.1,3580.5,94,27.6
26.87,32.25,3.15,0.89,2.41,340.85,94.32,168.61,21.22,3580.61,94,26.96
27.03,32.95,2.75,3.33,1.43,219.47,78.85,141.29,10.7,3571.5,94.2,25.91
27.38,32.13,3.14,1.22,2.39,326.49,94,170.06,19.63,3566.7,94.1,25.29
27.02,31.52,3.29,1.08,2.39,329.55,94.13,170.79,21.05,3603.94,94.9,25.74
27.11,32.82,3.13,1,2.38,329.42,94.26,173.61,20.79,3424.65,94.7,26.01
27.7,32.89,3.11,1.01,2.39,332.15,64.04,172.29,23.43,3155.42,91.33,25.5
27.15,31.97,3.08,0.95,2.39,338.24,93.99,169.06,28.84,2878.09,94.83,30.7
27.42,32.84,2.85,0.96,2.4,336.41,93,171.6,29.28,2449.35,94.7,28.34
27.42,31.75,3.06,0.98,2.39,335.2,94.4,168.7,29.1,2676.37,94.31,25.49
26.4,32.52,3.06,1.04,2.4,339.46,93.64,168.8,29.01,3032.54,88.97,25.57
27.8,32.62,3.06,1.09,2.42,340.1,93.5,169.6,28.57,3269.07,90.55,25.76
28.06,32.42,3.06,1.13,2.41,338.3,94,169.4,28.92,3380.81,95.35,25.56
27.3,32.25,3.06,1.17,2.4,338.6,94.27,170.4,29.11,3416.98,95,26.17
27.4,32.11,3.06,1.24,2.38,336.99,93.93,169.5,28.31,3458.74,90.7,26.04
27.3,31.54,2.96,5.42,1.53,297.67,79.02,121.52,13.71,3587.44,94.56,25.55
28.85,36.53,3.13,2.74,2.38,326.81,93.69,169.84,27.15,3556.33,89.06,25.57
27.7,33.24,3.25,3.45,2.35,326.14,93.72,168.7,28.22,3570.14,94.38,25.45
27.31,33.1,3.16,3.46,2.39,330.29,93.68,168.23,27.6,3339.64,94.26,26
27.43,33.19,3.26,3.22,2.4,334.93,93.8,169.48,27.95,3409.618,94.6,25.25
27.62,33.04,3.4,3.59,2.4,331.85,93.77,169.6,27.96,105628.18,90.27,25.28
27.42,33.22,3.49,3.18,2.41,338.88,93.8,169.15,28.13,3511.52,94.45,26.04
27.2,33.04,3.47,3.61,2.41,339.42,93.89,167.71,28.4,3497.617143,94.39,25.34
27.5,33.28,3.29,4.16,2.4,342.77,93.92,169.18,28.13,3014.744286,94.2,25.68
27.94,33.71,3.32,4.41,2.4,339.6,94.09,21.86,27.96,3502.458,94.49,26.05
27.73,32.97,3.43,4.07,2.4,344.47,94.03,169.3,27.42,3527.83,95.1,26.18
27.31,32.76,3.08,0,2.3,328.56,0,0,24.99,3528.73,94.9,26
26.96,32.59,2.87,1.52,2.22,333.87,93.75,164.78,22.36,3448.78,90.8,25.6
27.18,32.36,3.09,1.35,2.25,316.6,87.66,166.53,20.81,3533.1,95.2,25.87
27.4,32.36,3.03,1.09,2.4,337.87,93.82,169.71,28.9,3537.51,95.1,25.68
27.66,33.41,3.24,3.58,2.27,326.65,91.64,162.36,25.82,3528.02,95,25.93
27.68,33.45,3.2,2.72,2.41,349,94.07,169.02,27.86,3517.42,94.6,25.79
27.71,33.5,3.11,2.72,2.42,350.18,94.14,170.85,27.95,3493.54,94.2,26.6
27,32.9,3.66,2.69,2.43,345.76,94.27,170.02,26.81,3528.94,94.55,25.97
28.21,32.83,3.08,2.8,2.43,340.4,94.29,170.95,27.24,3521.74,94.8,25.93
27.99,32.5,3.06,2.87,2.42,338.15,94.32,171.12,27.51,3529.1,95.22,25.3
27.98,32.8,3.34,3,2.42,339.3,94.39,170.04,28.31,3509.13,94.39,25.1
28.35,31.19,2.13,3,1.41,221.75,72.09,110.29,13.09,3548.84,90.93,25.95
28.2,33.41,3.33,2.89,2.45,345.56,94.25,168.69,27.16,3573.54,94.33,28.83
28.27,33.17,3.11,3.28,2.41,353.99,93.96,170.17,17.6,3519.58,94.12,25.76
28.95,33.83,3.29,3.1,2.41,351.69,94.15,171.9,27.51,3455.92,94.47,25.5
28.26,33.45,3.4,3.09,2.41,343.8,93.99,170.39,27.87,3432.96,94.81,25.12
28.88,33.62,3.31,3.2,2.42,344.05,94.22,170.03,27.51,3421.65,94.71,25.32
28.81,33.56,3.33,3.35,2.42,343.57,94.15,170.67,27.15,3481.56,88.36,25.24
28.91,32.7,3.3,3.33,2.41,340.1,94.04,168.68,28.13,3229.14,93.95,25.56
28.65,33.37,3.25,3.62,2.4,340.19,94.16,170.37,27.33,3372.24,90.07,25.32
27.92,33.79,2.4,4.03,2.42,338.77,94.7,169.45,22.73,3532.23,93.61,25.5
28.37,33.91,2.22,3.87,2.42,358.14,94.49,171.3,25.04,3539.56,94.4,25.43
28.9,34.08,2.92,3.81,2.42,353.49,94.44,170.98,27.15,3475.35,87.71,25.38
28.84,31.65,1.79,2.8,1.3,197.49,73.78,110.97,14.15,3538,94.58,25.79
28.82,33.87,2.99,3.46,1.93,297.94,86.23,146.56,22.9,3438.15,94.8,25.54
29.29,33.47,3.13,4.13,2.43,334.86,93.9,167.9,28.57,3534.4,85.93,25.83
28.56,33.47,3.34,4.63,2.37,348.12,93.6,167.42,29.01,3474.69,94.88,25.32
29.01,33.62,3.17,4.42,2.47,342,93.8,168.4,29.28,3321.46,94.88,25.1
28.89,34.09,3.2,4.42,2.49,342.6,92.92,169.2,28.57,3376.96,95.26,25.81
30.07,34.12,3.2,4.52,2.41,336.78,93.85,169.78,28.66,3488.174333,89.21,26.27
30.08,34.17,3.28,4.39,2.43,341.67,94.11,169.99,28.92,108022.19,95.14,25.11
29.8,33.62,3.2,5.16,2.29,344.63,94.1,167.37,29.28,3515.784286,94.93,29.72
29.91,33.91,3.34,5.37,2.38,330.55,94.23,168.29,29.54,3532.981429,88.2,0
30.45,34.52,3.16,4.96,2.37,346.13,94.53,168.02,28.66,3417.957143,94.44,26.85
30.45,33.91,3.28,1.3,2.42,338.66,94.27,170.83,27.77,3474.515714,94.96,26.43
28.28,32.82,3.05,2.99,2.28,327.26,91.06,161.88,24.06,3363.5,95.1,26.09
28.54,33.49,3.03,3.5,2.41,344.09,94.25,170.13,26.54,2934.79,89.72,26.56
28.9,33.46,2.93,3.95,2.2,316.64,89.81,157.35,25.66,3083.85,96.16,27.03
30.13,34.04,3.24,4.28,2.38,339.74,94.18,169.05,28.81,3244.24,97.93,26.85
29.23,33.96,2.64,1.45,2.43,340.04,94.33,168.54,23.97,3318.13,92.78,27.2
29.91,34.19,3.34,1.48,2.39,341,94.39,169.14,26.54,3340.46,97.85,26.5
29.95,34.2,3.27,1.63,2.37,345.56,94.11,166.96,26.63,3174.05,97.12,27.08
28.75,32.43,3.28,1.67,2.39,346.64,94.41,167.05,26.89,3235.46,98.29,27.09
29.16,33.26,3.17,1.66,2.38,254.58,94.45,166.38,26.09,3363.19,101.05,26.87
28.6,33.95,3.25,1.76,2.38,355.6,94.5,168.8,26.98,3357.31,82.11,27.03
28.95,31.87,2.13,1.72,1.08,197.67,73.74,112.8,11.23,3246.97,96.87,27.38
29.15,30,-0.06,3.01,0,49.17,35.86,47.27,0,3080.12,100.78,27.02
28.9,31.8,0.41,2.77,0.31,125.9,50.09,74.9,4.86,2774.36,100.01,27.11
28.72,33.2,3.1,2.08,2.28,335.26,94.3,168.8,30.07,2987.29,97.56,27.7
28.42,33.14,3.08,2.41,2.38,343.2,94.32,169.2,28.92,3141.01,95.48,27.15
28.56,28.56,3.35,2.57,2.41,338.8,94.4,168.7,28.57,3308.28,94.19,27.42
28.97,28.97,3.32,2.74,2.42,341.72,94.09,167.88,27.95,3337.95,95.19,27.3
29.37,29.37,3.3,2.97,2.42,349.16,94.11,168.51,27.95,3278.89,94.1,26.4
29.5,29.5,3.23,2.38,2.41,348.66,94.21,169.61,28.31,3354.37,94.4,27.8
29,33.32,3.32,2.94,2.42,349.57,94.09,169.97,27.6,3341.6,94.39,28.06
29.44,33.75,3.3,3.52,2.41,348.3,94.13,168.09,27.33,3359.63,94.38,27.3
29.53,33.45,3.24,3.19,2.42,348,94.23,167.93,26.54,3348.88,94.8,27.4
29.01,33.11,3.34,4.28,2.11,353.32,94.47,165.82,27.51,3397.22,75.8,27.3
29.12,33.33,2.94,4.5,2.4,361.64,94.22,165.56,36.54,3400.01,94.62,28.85
29.48,33.66,2.68,3.88,2.38,341.52,94.6,165.38,24.42,3402.83,94.68,27.7
28.37,31.95,3.47,2.48,2.42,332.2,93.49,164.03,26.71,3456.24,94.75,27.31
29.04,33.32,3.31,1.41,2.42,345.46,94.45,167.48,26.8,3263.436786,94.86,27.43
28.35,33.25,3.3,1.53,2.42,343.42,94.82,168.43,27.51,91376.23,94.64,27.62
29.09,33.5,3.59,1.36,2.38,346.73,94.49,168.96,28.66,3228.663333,95.24,27.42
29.27,34.49,3.53,1.32,2.35,343.23,95.95,166.59,28.04,3290.795714,94.8,27.2
29.42,35.6,3.37,1.41,2.38,343.32,94.76,168,28.22,3129.7,94.32,27.5
29.56,33.71,3.44,1.47,2.4,341.2,94.36,162.53,27.59,3372.077143,93.79,27.94
29.02,33.01,3.29,1.58,2.42,346.29,94.59,170.51,26.2,0,94.5,27.73
28.93,33.79,3.44,1.58,2.42,343.7,94.54,167.89,27.87,0,94.29,27.68
29.56,33.8,3.41,1.59,2.43,348,94.6,165.5,28.04,0,94.82,27.71
29.22,33.41,3.01,1.62,2.2,311.58,91.42,159.95,24.05,3456.57,94.72,27
28.87,30.72,2.36,2.65,1.75,269.03,79.6,137.89,21.19,2797.62,94.28,28.21
29.3,32.87,3.15,3.53,2.36,350.14,94.28,167.48,28.32,3072.73,94.36,27.99
29.17,33.53,3.38,1.58,2.42,346,94.58,167.97,27.37,3198.16,94.28,27.98
29.58,33.95,3.27,1.76,2.42,342.92,94.44,168.67,27.42,3285.78,66.8,28.35
29.9,34.09,3.42,1.79,2.43,399.45,93.9,168.32,27.6,3360.86,94.84,28.2
29.94,33.93,3.27,1.93,2.43,338.22,94.08,169.15,27.25,3390.6,94.92,28.27
30.16,33.87,3.51,2.04,2.41,339.57,94.04,169.46,27.51,3431.3,94.67,28.95
29.1,33.62,3.62,2.07,2.44,340.23,94.01,169.79,28.57,3487.93,95.68,28.26
29.29,33.61,3.5,2.09,2.42,338.14,93.85,169.07,28.75,3501.47,95.18,28.88
29.54,33.97,2.13,2.14,2.42,338.32,93.83,169.22,28.39,3465.65,95.12,28.81
30.09,34.06,3.36,2.31,2.41,340.63,93.81,170.51,28.4,3489.08,95.56,28.91
29.84,33.38,3.42,2.28,2.43,337.46,93.42,169.7,28.57,3408.59,96.07,28.65
28.14,33.37,3.56,2.34,2.4,336.39,94.45,169.6,29.01,3493.95,98.53,27.92
28.4,32.72,3.28,2.43,2.41,337.93,94.31,170.36,29.19,3510.84,96.22,28.37
29.57,34.08,3.38,2.56,2.41,339.62,94.29,172.78,28.92,3531.45,95.92,28.9
29.91,34.32,3.5,1.8,2.43,343.56,94.35,170.53,28.84,3504.19,69.91,28.84
29.04,33.66,2.14,1.19,1.54,246.26,78.5,77.5,14.33,3503.19,85.13,28.82
28.52,33.12,0.66,0,0,0,0,0,0,3500.41,94.87,29.29
28.45,0,0.25,0,0,0,0,0,0,3493.37,96.84,28.56
29.14,29.74,0.2,1.35,0.12,86.89,36.58,53.83,22.2,3475.08,95.7,29.01
27.74,32.24,3.24,3.51,2.05,332.33,95.49,147.98,0,3487.02,94.71,28.89
28.08,33.37,1.81,3.14,2.41,337.13,94.98,166.22,22.82,3457.87,94.74,30.07
27.8,33.8,2.86,2.49,2.41,336.37,94.21,168.45,27.51,3522.79,94.96,30.08
28.07,33.8,3.08,2.49,2.39,339.28,94.38,170.1,27.42,3503.14,95.03,29.8
29.42,32.92,3.5,2.54,2.37,338.64,94.1,170.99,28.4,3496.3,95.14,29.91
28.6,32.9,3.12,0.62,2.39,331.54,94.3,167.15,28.13,3511.48,95.77,30.45
27.31,32.26,3.12,2.7,2.39,330.19,94.61,167.23,28.13,3176.71,95.79,30.45
29.51,32.33,3.3,2.71,2.39,331.96,94.58,168.02,28.93,3309.15,95.07,29.23
29.41,32.38,3.12,2.95,2.37,333.28,94.1,170.23,27.07,0,95.03,29.91
28.75,33.78,3.3,3.02,2.33,338.85,94.73,171.71,26.89,105741.84,96.11,29.95
28.62,32.8,3.45,3.04,2.37,336.37,94.09,169.93,27.87,3240.606667,97.18,28.75
28.65,32.9,2.99,3.08,2.37,337.6,94.29,170.81,28.22,3417.655714,97.37,29.16
28.53,32.45,3.26,1.59,2.37,343.48,94.63,168.53,28.04,3491.612857,96.9,28.6
29.01,33.22,2.87,0,2.28,326.21,0,0,24.48,3491.382857,70.7,28.95
29.9,33.96,3.37,1.88,2.42,355.04,94.12,168.9,27.45,3217.410357,33.56,29.15
29.2,33.53,3.27,2.24,2.42,338.44,93.95,169.75,28.7,3295.500968,44.75,28.9
28.91,32.86,1.91,2.08,1.71,269.73,79.84,124.52,13.47,3475.711,96.1,28.72
28.79,32.86,3.22,2.74,2.36,337.92,94.37,170.24,27.62,3329.046129,94.63,28.42
28.62,32.84,3.39,1.63,2.23,331.24,93.77,166.34,27.58,3140.539667,94.2,28.56
28.22,32.89,3.39,1.69,2.45,328.41,94.7,170.7,28.3,3474.186129,94.44,28.97
28.54,32.52,3.29,1.82,2.44,331.73,94.22,171.07,27.69,3463.270645,94.26,29.37
28.27,32.56,3.33,1.96,2.41,336.42,93.92,171.64,27.51,3275.547667,94.28,29.5
28.33,33.04,3.46,1.99,2.41,335.39,93.97,171.69,27.95,3331.441,94.17,29
28.54,33.31,3.39,2.22,2.42,335.36,94.24,171.25,27.15,3206.123,93.99,29.44
28.97,33.33,3.42,2.28,2.38,333.7,94,170.7,26.89,3409.618,94.17,29.53
28.75,33,3.46,2.37,2.37,331.61,94.27,170.78,26.71,3488.174333,95.43,29.01
28.03,32.37,3.39,2.85,2.39,352.03,94.14,167.73,26.8,3263.436786,94.32,29.12
28.25,32.5,3.5,2.92,2.39,353.06,94.37,170,25.48,0,95.4,29.48
28.53,32.25,3.56,3.06,2.38,349.95,94.5,168.65,25.48,0,94.11,28.37
28.07,32.21,3.51,3.08,2.42,343.56,94.61,166.02,24.42,0,94.57,29.04
27.93,31.73,1.23,1.35,1.46,321.71,75.74,132.21,9.73,0,95.42,28.35
28.2,0,0.02,0,0,0,0,0,0,0,94.61,29.09
27.91,0,0,0,0,0,0,0,0,0,95.01,29.27
28.07,31.75,2.97,2.23,2.39,349.2,94.93,165.63,24.77,0,94.01,29.42
27.91,32.11,3.67,2.83,2.38,337.04,94.22,166.26,22.12,0,94.45,29.56
28.29,32.95,3.79,2.91,2.32,329.46,93.25,166.09,20.7,0,94.59,29.02
27.81,33.25,3.37,2.11,2.28,336.2,93.99,164.49,26,0,94.33,28.93
27.91,33.26,3.41,2.1,2.42,338.4,94.17,163.22,26.62,0,94.5,29.56
28.42,33.4,3.6,2.1,2.39,333.8,93.99,163.63,27.15,0,94.25,29.58
29.07,32.73,3.6,2.68,2.39,338.28,94.05,165.66,27.15,0,94.94,29.9
28.34,32.04,3.57,2.84,2.4,341.16,94.41,166.43,26.36,0,94.74,29.94
27.97,32.83,3.64,3.01,2.41,337.63,94.6,165.12,26.71,0,94.25,30.16
28.6,33.62,3.58,3.24,2.45,336.4,94.8,166.4,26.63,0,94.24,29.1
27.44,33.8,3.76,1.15,1.93,305.99,88.87,146.26,21.57,3378.337253,94.81,29.29
27.97,32.8,3.83,1.1,2.42,329.4,94.7,171.8,4.4,1631.718393,94.7,29.54
28.3,32.76,3.1,0,2.33,337.47,0,0,25.31,0,94.59,30.09
0,0,0,0,0,0,0,0,0,3181.72,94.18,29.84
28.5,32.93,3.38,1.94,2.39,333.18,94.12,170.48,27.58,3334.54,94.46,28.14
28.49,32.83,3.45,2.53,2.39,341.59,94.21,170.11,26.64,3399.48,94.37,28.4
28.05,32.15,2.17,2.48,2.19,336.19,90.55,159.24,20.35,3492.04,94.48,29.57
28.3,33.02,3.54,2.58,2.39,337.41,94.29,164.99,26.66,3489.35,94.56,29.91
29.8,32.5,3.52,1.01,2.42,329.44,94.7,171.82,27.77,3395.26,139.2,29.04
27.68,32.6,3.47,1.13,2.38,333.6,94.5,172.39,28.21,3490.22,0,28.52
27.87,32.87,3.29,1.17,2.38,330.89,94.92,171.92,28.04,3444.42,0,28.45
27.3,32.7,3.41,1.26,2.37,327.68,94.2,172.91,27.86,3139.73,54.34,29.14
28.13,33.44,3.27,1.47,2.35,337.84,94.55,171.41,27.77,3388.66,92.45,27.74
27.37,33.12,2.69,1.68,2.29,325.2,94.69,167.6,25.74,3427.65,96.51,28.08
27.28,31.95,3.5,2,2.36,337.16,94.38,171.53,26.54,3436.89,95.34,27.8
26.24,30.7,3.29,2.28,2.37,322.74,94.44,159.99,26.8,3470.71,95.08,28.07
27.88,31.83,3.4,2.31,2.36,335.74,93.98,172.49,25.83,2835.85,94.59,29.42
27.33,31.45,3.53,2.37,2.37,334.76,93.93,172.18,26.27,2026.41,95.08,28.6
27.46,31.5,3.58,2.83,2.41,328.47,94.22,170.5,26.63,2553.84,95.26,27.31
27.01,30.9,3.56,2.88,2.43,335.74,94.39,167,26.98,3058.39,95.21,29.51
27,31.81,3.56,.2.5,2.44,343.24,94.36,168.05,26.62,3229.4,94.42,29.41
27.25,31.41,3.79,2.25,2.43,330.8,94.44,169.46,26.8,3413.48,94.02,28.75
27.47,33.53,1.47,2.54,2.21,325.13,93.53,166.87,21.05,3417.96,93.66,28.62
28.21,33.79,3.07,2.68,2.42,350.78,94.15,169.08,26.35,3327.77,94.23,28.65
28.47,33.52,3.65,3.06,2.4,357.3,94.15,167.62,27.16,3458.25,94.4,28.53
26.12,31.45,3.73,3.06,1.88,315.8,82.6,150.2,18.48,3370.48,93.36,28.62
26.8,32.8,2.92,1.88,2.41,332.5,94.4,166.4,27.16,3465.47,95.22,28.22
28.75,33.9,3.48,1.79,2.43,343.9,94.5,169.6,27.68,3396.32,94.81,28.54
27.93,33.26,3.46,1.77,2.42,352.32,94.32,170.25,28.13,3447.59,94.18,28.27
28.85,33.89,3.05,1.65,2.31,341.01,94.4,169,25.74,3273.62,94.21,28.33
26.79,31.74,3.35,1.73,2.4,341.15,94,170.2,27.42,3400.96,94.75,28.54
29.05,33.75,3.3,1.62,2.32,335.71,94.45,170.07,27.07,3305.28,94.89,28.97
28.44,33.53,3.55,1.69,2.28,342.16,94.12,169.92,27.87,0,94.85,28.75
28.4,32.77,3.44,1.84,2.37,347.8,94.27,172.6,27.78,91791.69,93.97,28.03
28.13,32.7,3.64,2,2.37,345.37,94.31,172.28,27.6,3405.668571,94.53,28.25
27.57,31.47,3.49,1.98,2.37,347.11,94.39,171.04,26.89,3025.362857,93.89,28.53
27.72,32.4,3.49,2.41,2.25,353.25,94.38,168.77,24.77,3325.104286,95.24,28.07
27.41,33.5,3.2,2.6,2.43,357.08,94.25,171.31,26.62,3381.54,74.95,27.93
27.55,32.35,3.24,2.71,2.39,338.78,94.18,168.37,25.94,3248.52,0,28.2
27.76,32.97,3.33,1.93,2.31,337.48,92.67,166.53,25.95,3323.66,0,27.91
29.82,33.79,3.45,3.37,2.42,346.08,94.53,169.42,27.15,3377.54,95.01,28.07
29.35,33.69,3.74,3.73,2.45,335.19,95.05,170.54,27.16,3357.23,95.3,27.91
28.7,32.92,3.63,3.39,2.46,338.21,95,170.37,26.54,3426.67,94.61,28.29
28.3,33.25,3.42,3.04,2.49,342.56,94.16,169.13,27.58,3447.24,95.33,27.81
27.45,33.36,3.52,3.29,2.4,344.67,93.86,169.12,27.78,3472.68,95.13,27.91
28.45,32.85,3.48,3.41,2.39,349.63,94.05,168.06,27.08,3278.68,95.33,28.42
29.13,32.63,3.44,3.29,2.9,359.18,94.62,169.18,26.98,3399.5,94.45,29.07
28.79,32.91,2.64,3.43,1.9,329.29,92.36,159.69,20.87,3496.09,94.35,28.34
29.92,32.45,3.56,1.93,2.36,336.64,93.54,168.71,27.06,3480.69,95.45,27.97
27.79,31.66,3.52,2.56,2.39,349.46,93.9,174,27.07,3489.11,94.9,28.6
28.1,32.04,3.74,2.6,2.37,352.24,94.55,171.2,27.51,3471.84,82.82,27.44
28.88,33.08,3.55,2.59,2.38,351.4,94.32,171.32,26.63,3488.33,96.2,27.97
28.49,32.58,3.78,2.66,2.39,355.36,94.29,169.31,26.63,3271.67,98.22,29.8
28.59,32.91,3.78,2.6,2.39,353.29,94.28,169.01,26.97,3057.75,98.93,27.68
30.03,33.33,3.91,2.93,2.39,352.46,94.26,170.36,28.04,2548.89,97.61,27.87
29.29,33.21,3.8,3.15,2.41,349.7,94.28,170.52,27.41,2645.37,97.03,27.3
28.7,2.76,3.75,3.18,2.4,300,94.26,169.77,27.51,2936.57,95.91,28.13
28.04,32.33,3.87,3.13,2.39,348.43,94.24,169.34,27.07,2663.12,94.95,27.37
28.78,32.05,2.89,2.72,1.83,302.59,88.9,155.97,17.68,2931.7,94.57,27.19
28.85,32.66,3.59,3.66,2.38,329.25,93.83,169.37,26.89,2976.15,94.48,27.28
29.22,32.79,3.6,3.84,2.41,335.2,93.77,170.96,26.71,3220.82,94.43,26.24
28.94,32.29,3.59,3.93,2.39,331.6,93.9,169.9,26.71,3332.43,94.58,27.88
29.66,33.41,3.51,2.21,2.39,349.9,94.1,169.5,26.35,3328.92,94.66,27.33
28.99,32.83,3.15,2.38,2.41,353.4,94.36,170.17,26.09,3394,97.59,27.46
28.75,32.75,3.48,2.35,2.38,355.48,94.22,171.06,26.35,3404.77,92.88,27.01
28.98,33.35,3.51,2.35,2.39,356.2,94.21,171.06,26.09,3402.9,93.15,27
29.29,33.16,3.62,2.73,2.36,351.95,94.76,170.12,25.56,0,94.4,27.25
29.49,32.96,3.74,2.71,2.36,348.43,94.69,170.85,25.39,89495.38,93.66,27.47
29.01,32.5,3.59,2.97,2.35,348.32,94.8,168.72,25.39,3161.594286,94.7,28.21
0,0,0,0,0,0,0,0,0,3428.792857,94.17,28.47
28.86,31.81,3.55,0,0,0,0,0,26.39,3138.994286,78.4,26.12
0,0,0,0,0,0,0,0,0,3055.672857,93.6,26.8
28.74,33.21,3.53,3.36,2.5,345.07,94.47,169.4,27.18,3431.98,94.8,28.75
28.52,32.56,3.41,2.93,2.39,345.87,93.84,168.57,26.34,3412.74,94.89,27.93
28.86,28.6,3.78,2.89,2.39,344.38,94.28,169.95,27.18,3437.96,94.6,28.85
29.03,32.68,3.4,3.01,2.31,336.77,93.3,168.13,25.25,3447.81,94.5,26.79
29.09,32.5,3.8,2.96,2.37,347.22,94.29,167.04,25.82,3478.06,93.98,29.05
28.4,32.25,3.76,2.31,2.36,339.61,94.21,168.27,25.91,3387.02,93.21,28.44
28.6,32.6,3.9,2.62,2.31,335.42,93.99,167.93,25.82,3434.51,95.7,28.4
28.3,31.85,3.8,2.41,2.29,344.8,94.26,168.2,26.09,3443.3,95.98,28.13
28.83,32.65,3.52,2.59,2.4,334.7,94.52,170.26,25.46,3146.79,95.38,27.57
28.5,31.85,3.48,2.07,2.41,341.9,94.7,169.59,25.82,3268.69,94.64,27.72
28.99,32.56,3.58,2.29,2.4,347.2,94.76,174.43,26.27,3325.77,95.12,27.41
29.53,32.76,2.64,2.43,2.4,346.9,94.75,170.81,25.74,3317.7,94.47,29.82
28.73,32.69,3.53,2.56,2.38,346.2,93.94,167.57,25.38,3395.02,94.21,29.35
29.27,32.25,2.06,2.6,1.53,296.01,92.14,89.3,12.03,3403.21,94.3,28.7
29.24,32.15,3.71,2.82,2.37,337.3,94.45,166.78,24.5,3332.65,94.6,28.3
28.21,32.87,3.54,2.33,2.34,336.42,94.28,167.12,23.89,3429.49,94.22,27.45
28.86,32.54,3.67,2.06,2.35,345.29,93.84,171.36,26.01,3405.75,95.38,28.45
29.42,32.45,3.57,2.1,2.28,340.4,94.19,167.77,25.12,3115.23,95.43,29.13
29.26,32.83,3.63,2.17,2.4,340.3,94.37,169.69,25.21,2107.14,91.91,28.79
29.4,33.02,3.62,2.33,2.41,336.99,94.47,169,25.31,2499.45,94.14,29.92
29.3,32.95,3.64,2.37,2.41,337.8,94.49,169.42,25.21,2935.15,93.59,27.79
28.95,32.66,3.38,2,2.39,339.25,94.08,168.8,25.39,3016.31,94.3,28.1
28.99,32.54,3.86,1.67,2.33,337.19,93.83,169.3,24.94,3105.46,94.43,28.88
29.25,32.5,3.59,1.75,2.34,335.52,94.05,167.57,25.75,2849.9,94.32,28.49
28.96,32.2,4.36,1.85,2.33,337.68,93.97,167.19,25.92,2983.06,94.36,28.59
28.49,32.2,3.37,.1.83,2.3,334.83,94.15,168.69,26,2722.56,94.34,30.03
29.59,32.87,3.66,1.86,2.36,344.44,94.33,170.06,25.73,2997.82,94.65,29.29
29.21,32.54,3.78,1.85,2.32,325.9,94.23,168.89,25.83,3132.11,64.21,28.7
29.43,32.58,3.78,1.89,2.37,336.03,94.59,168.88,25.21,3247.91,94.35,28.04
28.91,32.98,3.69,1.88,2.45,334.94,94.74,169.86,25.39,3259.69,88.29,28.78
28.32,32.58,3.48,1.94,2.47,338.39,94.83,170.33,25.3,3182.341333,94.5,28.85
28.85,32.2,3.21,1.68,2.46,342.07,94.93,168.98,24.68,95470.24,94.59,29.22
28.46,32,3.29,1.69,2.46,352.95,93.92,169.27,24.33,3432.6225,94.8,28.94
28.52,31.86,3.42,1.92,2.46,350.6,94.16,166.92,24.33,3354.877143,95.02,29.66
29.26,32.5,3.68,1.51,2.46,356.15,94.18,169.59,25.03,3342.721429,94.9,28.99
28.96,32.48,3.56,0,0,0,0,0,24.98,3072.018,95.24,28.75
28.67,32.32,3.69,2.46,2.36,341.55,94.39,169.39,25.88,3390.38,95.24,28.98
29.01,32.42,3.22,2.48,2.27,335.74,94.18,158.39,23.6,3392.86,95.65,29.29
29.06,32.76,3.58,2.19,2.37,339.49,94.25,169.02,25.16,3375.67,94.91,29.49
29.13,32.49,3.77,1.81,2.34,335.94,94.16,168.65,25.63,3404.24,95.4,29.01
29.45,32.54,3.67,-72.92,2.46,351.8,94.17,169.03,25.12,3425.89,95.08,29.09
29.34,32.38,3.6,-62.48,2.44,352.94,93.98,167.87,25.39,3324.82,95.8,28.4
29.61,32.54,3.46,-60.04,2.41,352.14,93.98,169.94,25.73,3411.64,95.4,28.6
29.06,32.16,3.4,-61.21,2.42,352.8,94.67,168.83,25.21,2966.09,95.62,28.3
28.73,32.79,2.22,-53.13,2.4,348.08,94.92,165.18,20.61,3166.6,94.81,28.83
29.36,32.79,3.89,-53.26,2.41,356.91,93.72,170.19,26.98,3236.82,94.73,28.5
28.5,32.6,3.74,-53.3,2.42,355.01,93.81,170.03,26.72,3400,94.91,28.99
28.6,32.46,3.65,1.69,2.41,356.29,93.89,170.11,25.73,2769.66,95.09,29.53
28.8,32.3,3.73,1.47,2.42,348.47,94.33,168.85,27.15,2562.18,94.93,28.73
28.2,31.95,4.49,1.53,2.4,349.81,94.4,168.29,26,2496.95,152.17,29.27
27.79,31.66,3.61,1.54,2.41,350.31,94.39,168.66,25.65,3020.67,94.89,29.24
28.74,32.25,3.57,1.02,2.42,340.22,94.2,168.22,25.75,3149.39,94.08,28.21
27.5,32.5,2.88,1.67,2.41,369,94.2,168.41,23.17,3335.96,94.96,28.86
27.95,32.08,3.46,1.19,2.45,332.5,94.28,168.47,26.54,3389.29,94.8,29.42
27.96,32.37,3.62,0.94,2.44,342.4,94.8,168.32,25.64,3256.18,94.95,29.26
28.4,31.87,3.62,1.01,2.46,351.7,94.81,168.61,26.62,3350.14,95.04,29.4
28.9,32.44,3.49,0.99,2.43,356.3,94.8,170.08,26.27,3438.51,95.2,29.3
29.03,32.7,3.47,1,2.28,360.5,94.41,169.9,25.47,3464.51,94.95,28.95
28.05,32.7,3.68,1.1,2.37,354.79,94,169.62,26.27,3326.49,95.03,28.99
28.77,32.1,3.77,1.12,2.41,359.16,94.6,170.14,26.71,3364.64,95.2,29.25
28.91,32.05,3.73,1.11,2.42,351.93,94.29,170.56,26.8,3346.05,95.02,28.96
28.88,32.15,3.72,1.14,2.37,353.6,94.23,168.93,26.26,3344.52,94.66,28.49
28.83,32.25,3.69,1.3,2.38,347.08,94.24,169.08,26.44,3325.04,94.65,29.59
28.33,31.7,3.72,1.39,2.41,343.81,94.31,169.95,26.8,3355.06,94.21,29.21
28,31.66,3.75,1.4,2.4,346.48,94.21,168.42,26.98,3333.18,94.61,29.43
28.16,31.62,3.66,1.41,2.39,347.94,94.27,169.05,27.25,3357.57,95.15,28.91
28.55,31.91,3.74,1.4,2.38,356.76,94.06,167.88,27.16,0,95.18,28.32
27.7,32.41,3.75,1.15,2.36,354.06,94.32,166.7,26.8,90847.18,94.98,28.85
28.71,31.62,3.63,1.27,2.34,340.75,94.5,165.8,26.8,3389.357143,94.21,28.46
29.15,32.54,3.43,-59.48,2.42,352.81,94.18,168.51,25.11,3373.208571,94.12,28.52
28.57,32.36,3.62,-21.92,2.41,352.13,94.21,168.76,25.55,3337.75,94.88,29.26
28.35,32.32,3.44,1.12,2.41,350.37,94.5,169,25.64,3201.82,95.17,29.45
29.07,32,3.55,1.64,2.39,338.8,94.09,138.19,27.68,3024.92,94.99,29.34
28.15,33.5,2.28,1.59,1.92,297.79,90.22,156.74,18.57,3170.74,95.35,29.61
28.13,32.9,3.75,1.43,2.37,353.82,93.83,170.66,27.51,3243.96,95.28,29.06
28.94,32.5,3.48,1.53,2.42,349.63,94.39,168.18,27.6,3267.38,95.69,28.73
28.52,32.96,3.5,1.27,2.41,300,94,159.02,27.02,3302.87,95.09,29.36
28,31.73,0,1.19,2.04,298.7,89.33,159.02,19.89,3371.41,95.23,28.5
26.52,31.5,3.05,0.93,1.65,286.82,94.01,144.79,18.66,3357.55,95.17,28.6
22.9,30.79,1.83,0,2.22,326.74,93.22,162.39,23.79,3355.29,94.85,28.8
27.24,31.59,3.79,1.28,2.39,338.71,93.94,166.58,16.87,3252.14,94.46,28.2
27.35,32.08,3.27,1.36,2.39,335.23,94.29,169.39,27.16,2896.71,94.3,27.79
27.3,32.25,3.76,1.72,2.37,337.11,94.29,167.79,28.73,2459.59,94.79,28.74
26.61,31.87,3.6,1.82,2.39,334.6,94.52,168.4,28.84,2204.06,94.89,27.5
27.92,32.29,3.64,1.57,2.28,338.23,94.41,170.5,28.22,2604.66,94.09,27.95
27.9,32.71,3.42,1.82,2.28,339.6,94.4,170.5,27.5,2874.66,94.66,27.96
26.51,31.11,3.03,1.29,2.83,341.98,94.5,168.3,27.33,2995.69,94.42,28.4
24.6,31.41,3.61,1.44,2.31,346.8,93.6,168.7,26,3048.46,94.59,28.9
26.17,31.2,3.45,1.8,2.31,354.3,93.52,170.4,26.44,3105.04,93.67,29.03
27.2,31.04,3.52,1.46,2.29,345.3,93.4,168,26.27,3217.93,94.24,28
27.49,32.08,3.82,1.64,2.38,344.8,94.02,170.01,26.8,3337.4,94.23,28.05
26.77,30.85,3.7,1.86,2.31,345.94,94.05,167.61,26.62,3183.5,95.62,28.77
27.14,31.9,3.54,1.55,2.41,343.39,94.37,169.8,25.29,3258.95,94.46,28.91
26.93,30.5,3.45,1.4,2.41,345.7,94.12,166.75,25.3,3244.83,94.61,28.88
26.87,31.8,3.59,1.38,2.42,345.17,93.76,169.51,25.91,3240.18,94.56,28.83
26.61,31.75,3.62,1.38,2.41,345.79,93.91,170.45,25.56,3250.23,94.25,28.33
26.75,31.83,3.56,1.35,2.41,359.81,94.39,168.14,23.89,3275.69,93.8,28
26.66,31.7,3.74,1.44,2.41,341.45,94.31,169.8,24.95,3211.49,93.89,28.16
26.8,32.12,3.59,1.51,2.41,342.6,94.39,170.5,23.88,2847.12,94.05,28.55
26.7,31.75,3.42,1.53,2.42,344.5,93.69,168.1,23.53,0,94.22,27.7
24.5,31.71,3.22,1.23,2.38,327.17,94.19,167.4,23.17,95854.52,94.19,28.71
27.2,31.7,3.6,1.18,2.38,341.43,94.55,166.82,0,3098.812857,94.75,28.56
26.98,31.84,0,1.47,2.32,336.4,93.67,165.29,24.38,3248.404286,94.01,29.07
28.47,32.6,0,1.44,2.26,323.12,92.64,158.56,21.18,3163.852857,88.93,28.15
26.76,31.78,0,1.21,2.18,314.37,93.13,160.43,19.06,2992.49,93.78,28.13
26.72,31.83,3.5,1.64,2.4,341.8,94.18,165.56,27.58,2996.98,94.05,28.94
27,31.42,3.61,1.52,2.38,345.16,93.95,168.88,25.96,3022.84,94,28.52
27.35,32.12,3.69,1.1,2.37,352.24,93.99,171.24,23.26,3118.96,88.77,28
26.39,31.88,3.68,1.13,2.38,347.14,94.21,169.06,24.77,3235.76,91.67,26.52
26.25,31.7,3.66,1.17,2.38,346.31,94.37,170.06,23.88,3222.08,92.69,22.9
26.18,31.46,2.96,1.2,2.39,343.49,94.39,169.49,25.83,3362.45,93.33,27.24
26.61,31.55,2.92,0.99,2.37,339.8,94.64,166.93,22.64,3366.13,94.43,27.35
26.43,31.38,2.34,0.79,2.39,339.8,94.56,166.57,22.72,3358.15,94.5,27.3
26.29,31.01,2.22,0.77,2.39,335.75,93.97,94.1,23.71,3344.59,94.61,26.61
26.33,31.63,2.71,0.78,2.38,336.21,93.91,94.08,25.3,3343.45,94.54,27.92
26.71,31.28,3.61,0.81,2.42,333.99,94.68,166.78,25.12,3062.75,94.5,27.9
27.79,31.45,3.67,0.79,2.38,334.53,94.1,166.37,25.91,2883.56,94.6,26.51
27.12,31.25,3.49,0.79,2.39,334.56,94.12,166.64,25.83,3105.67,94,24.6
27.7,31.82,3.49,1,2.18,317.17,92.6,161.6,22.29,3261.38,93.86,26.17
27.5,31.29,3.8,0.92,2.39,338.42,94.48,167.84,18.75,3360.87,94.26,27.2
26.33,32.33,2.01,0.87,2.14,344.8,87.42,167.53,15.83,3411.06,94.45,27.49
27.13,32.75,2.84,0.82,2.37,352.52,83.89,168.68,24.86,3389.4,93.96,26.77
26.95,31.91,3.47,0.88,2.47,350,93.88,164.69,24.94,3400.87,94.15,27.14
27.16,31.42,3.67,0.78,2.47,346.5,93.39,168.16,26.99,3391.2,94.75,26.93
27.17,31.15,3.6,0.8,2.46,356.2,94.11,169,26.89,3454.17,94.05,26.87
26.68,31.83,3.63,0.83,2.42,348.54,94.26,169.81,26.71,3497.22,94.22,26.61
29.23,31.71,1.91,0.83,2.42,348.35,94.37,169.01,26.27,3440.31,94.63,26.75
25.89,32.71,0,0.79,2.37,349.49,94.38,169.74,26.71,3472.89,94.62,26.66
26.91,31.75,3.76,0.77,2.39,343.63,94.32,168.66,25.92,3518.87,94.35,26.8
26.97,32.41,3.52,0.78,2.39,339.45,94.42,169.03,26.36,3482.55,94.3,26.7
26.26,32.01,3.59,0.73,2.42,336.88,94.6,168.97,26.1,3462.77,94.13,24.5
26.99,32.58,3.68,0.7,2.42,335.4,94.1,169.19,26.36,3448.52,94.15,27.2
26.8,32.02,3.66,0.76,2.42,339.9,94.1,169.4,27.34,3434.65,94.27,27.35
26.7,32.21,3.7,0.01,2.41,354.1,94.1,167.8,27.34,3460.74,93.98,26.39
26.72,32.41,3.74,0.81,2.37,355.81,93.77,165.9,27.24,0,93.85,26.25
26,32.18,3.69,1.01,2.35,352.24,93.8,164.71,26.89,92407.94,94.14,26.18
26,32.7,3.7,1,2.35,351,93.5,165.1,26.98,3135.937143,94.73,26.61
26.84,32.41,3.7,1.05,2.38,350.06,94.35,161.21,25.1,3318.944286,95.22,26.43
26.82,31.88,0,0.85,2.38,343.69,93.49,162.27,24.56,3210.67,164.14,26.29
26.5,31.59,3.07,1.02,2.38,343.5,94.3,169.36,23.83,0,165.43,26.33
26.75,31.36,2.99,0.82,2.39,336.38,94.28,142.42,24.46,2375.243,94.19,26.71
27.13,31.81,3.27,0.87,2.35,343.66,91.4,155.54,22.94,2446.853,94.7,27.79
26.99,32.14,0,0.78,2.4,343.11,94.35,169.2,26.35,2459.791,94.73,27.12
26.75,32.7,3.88,1.04,2.39,337.84,94.42,162.38,26.18,2429.597,92.5,27.7
26.05,32.2,3.5,1.09,2.36,341.26,94.6,163.4,25.65,2420.043,94.65,27.5
26.94,32.57,3.48,1.35,2.23,332.82,94.09,151,24.5,2350.929,87.53,26.33
26.7,31.61,3.67,0.92,2.39,341.57,94.39,157.92,26.36,2425.044,94.5,27.13
26.07,31.5,3.76,0.79,2.38,340.23,94.27,156,26.54,2433.237,94.41,26.95
26.77,31.96,3.6,0.8,2.38,343.83,94.21,158.04,26.71,2427.751,93.97,27.16
27.56,32.29,3.69,0.78,2.38,343.89,94.39,158.3,26.63,2416.627,94.01,27.17
26.8,31.66,3.51,0.81,2.4,344.1,94.51,157.65,26.36,2289.233,93.9,26.68
26.3,32.04,3.61,0.81,2.4,341.2,94.66,157.52,25.82,2143.658,94.13,29.23
26.31,30.54,3.61,0.81,2.4,340.4,94.58,157.8,25.92,2339.021,94.7,25.89
26.29,34.08,3.72,0.82,2.41,342.72,94.59,160.55,26.54,2361.662,94.48,26.91
27.2,32.66,3.49,0.83,2.4,342.2,94.7,159.2,26.36,2393.662,94.54,26.97
27.4,31.96,3.67,1.65,2.2,344.9,93.91,157.08,26.98,2506.846,94.27,26.26
26.86,32.8,3.45,1.18,2.11,30.89,93.09,159.77,23.27,2540.815,94.35,26.99
26.72,32.16,0,1.04,2.19,310.24,94.45,158.43,13.15,0,95.7,26.8
0,0,0,0,0,0,0,0,0,74973.235,95.2,26.7
26.69,32.12,3.65,0.97,2.36,340.21,94.34,158.14,26.08,2415.357143,94.3,26.72
26.59,32.01,3.64,0.8,2.39,342.34,94.46,158.31,26.36,2394.694857,94.68,26
27.2,32.21,0,0.83,2.4,342.2,94.7,158.44,5.94,2374.226857,94.1,26
28,32.29,3.57,1.21,2.26,322.5,94.01,164.9,26.44,2408.088143,94.96,26.84
26.72,31.72,3.48,1.69,2.38,42.0808,94.06,165.27,25.56,3464.09,94.85,26.75
27.9,33.66,3.77,1.93,2.37,344.6,94.04,163.6,26.27,3442.29,95.4,26.05
27.12,32.55,3.1,1.91,2.33,342.7,93.96,163.9,25.3,3472.44,95.59,26.94
32.98,33.14,0.51,1.97,2.35,340.61,94.03,164.48,25.3,2417.29,94.5,26.7
33.73,34.3,0,2.48,2.31,354.33,94.2,164.54,24.6,2653.93,94.28,26.07
39.02,33.16,3.69,2.45,2.3,345.67,94.89,162.39,24.6,2908.81,94.58,26.77
27.55,31.66,3.66,2.23,2.33,351.5,94.39,164.02,25.56,3099.08,94.95,27.56
26.99,31.8,3.61,2.27,2.35,351.43,94.5,163.7,26.37,3166.61,94.7,26.8
26.75,32.58,3.61,2.43,2.35,357.41,94.5,165.27,25.74,3267.45,95.15,26.3
25.57,31.93,3.61,2.54,2.34,354.5,94.49,164.21,25.66,3336.1,95.13,26.31
26.22,32.2,3.61,2.47,2.36,351.47,94.51,164.33,26.27,3365.59,94.67,26.29
26.3,32.48,3.6,2.55,2.37,352.3,94.5,163.5,26.01,3371.73,94.59,27.2
26.67,32.12,3.54,2.03,2.35,347.55,94.51,164.64,26.54,2164.84,59.78,26.8
27.11,32.29,3.61,2,2.31,347.15,94.52,165.79,26.62,2891.76,95.53,27.4
27.13,31.66,3.39,1.97,2.32,339.6,94.52,162.4,25.65,3136.05,93.52,26.86
27.75,32.7,3.59,2.2,2.33,346.7,94.5,166.88,26.27,3264.75,94.87,26.72
27.5,332.2,3.34,2.42,2.05,330.1,89.44,161.24,22.29,3345.5,94.87,26.69
27.51,32.79,3.51,2.27,2.23,331.7,91.83,163.4,25.39,3453.5,94.9,28
27.08,32.2,3.63,1.94,2.39,340.61,94.52,164.78,26.9,3484.3,94.64,26.72
27.2,32.37,3.71,1.98,2.33,345.39,94.35,165.52,26.18,3510.73,93.74,27.9
27.14,33.16,3.6,1.78,2.32,345.84,94.5,167.92,26.71,3508.65,95.35,27.12
27.07,33,3.96,1.78,2.32,345.4,94.56,167.82,26.09,3500.04,95.91,32.98
26.71,32.75,3.57,2.08,2.33,344.33,94.52,166.71,26.54,3522.92,94.2,33.73
27.88,33.63,3.55,2.48,2.33,350.94,94.5,165.82,26.35,3472.55,95.45,39.02
27.24,31.92,3.71,2.55,2.32,354.04,94.48,167.74,26.72,3517.54,95.39,27.55
27.6,31.81,3.66,2.6,2.23,357.49,94.51,168.06,26.01,3086.99,95.22,26.99
27.95,34.41,3.59,2.63,2.28,358.71,94.52,167.23,26.53,3358.07,95.54,26.75
27.36,33.58,3.41,2.59,2.29,353.92,95.25,165.3,25.47,3505.45,95.46,25.57
27.03,33.8,3.6,2.67,2.31,381.38,94.54,165.41,26.18,3527.59,95.49,26.22
27.46,32.72,3.61,2.38,2.25,346.5,94.4,165.5,25.31,3463.99,95.69,26.3
27.94,42.34,0,2.21,2.32,347.88,94.09,164.71,25.81,3256.021,96.33,26.67
30.78,32.97,0,1.95,2.33,341.74,94.17,164.43,25.45,3065.418571,95.65,27.11
30.37,32.65,0,2.34,2.33,350.78,94.43,164.02,25.42,3113.938571,95.31,27.13
26.95,75.09,3.53,2.23,2.3,344.98,93.79,164.07,25.66,3089.732857,95.28,27.75
27.23,32.84,3.65,2.04,2.32,343.46,94.11,166,26.31,3502.39,90.72,27.5
27.57,33.77,3.72,1.4,2.41,340.87,94.74,166.48,26.71,0,92.8,27.51
28.04,34.53,3.7,1.61,2.42,357.8,94.78,167.1,26.28,3312.73,95.22,27.08
27.7,33.59,3.59,1.58,2.42,356.5,94.5,167.3,26.45,2814.49,96.53,27.2
27.59,34.45,3.37,1.65,2.44,350.25,94.55,166.69,26.1,2947.24,98.65,27.14
31.9,34.41,0,1.73,2.4,348.95,94.52,167.3,25.92,3079.69,98.61,27.07
39.87,34.33,3.15,1.75,2.37,346.81,94.6,166.04,24.86,3295.41,97.62,26.71
27.78,34.62,3.68,1.77,16.7,2.35,94.5,166.87,26.27,2760.66,97.13,27.88
28.1,33.85,3.78,1.46,18.5,2.34,94.68,165.76,26.45,2433.21,97.13,27.24
27.73,33.7,3.56,1.36,2.35,2.35,94.39,167.27,26.45,2165.76,96.28,27.6
27.93,34.05,3.69,1.37,2.36,345.59,94.13,166.4,26.09,2320.86,95.69,27.95
28.06,33.62,3.76,1.33,2.36,345.77,94.37,166.22,26.72,2620.21,97,27.36
27.9,34.69,3.73,1.29,2.37,346.38,94.2,167.63,26.45,2978.71,95.5,27.03
27.82,34.45,3.41,1.35,2.34,348.72,94.15,167.06,26.54,3111.43,96.4,27.46
28.45,34.7,3.75,1.36,2.34,348.72,94.11,167.73,26.44,3279.09,97.1,27.57
28.95,34.53,3.66,1.43,2.35,345.74,94.26,165.97,26.36,3372.49,95.95,28.04
28.45,34.5,3.75,1.32,2.34,342.77,94.64,167.43,26.35,3371.57,96.4,27.7
27.84,34.56,3.69,1.34,2.35,344.84,94.69,167.67,26.35,2468.96,96.05,27.59
27.07,34.66,3.76,1.62,2.37,345.62,94.59,167.35,26,2964.77,96.33,31.9
26.97,34.57,3.75,1.64,2.42,345.7,94.17,167.62,26.53,3154.86,95.21,39.87
27.2,35.08,3.92,1.75,2.4,347.22,93.99,168.11,26.36,3308.16,96.38,27.78
26.29,33.44,3.78,1.53,2.39,339.4,94.06,166.31,26.98,3393.43,95.63,28.1
26.8,33.91,3.78,1.15,2.38,334.07,92.24,168.5,26.8,3309.27,95.83,27.73
27.7,32.55,3.78,1.07,2.35,342.1,94.22,165.6,27.42,3308.43,95.94,27.93
27.9,33.78,3.79,1.17,2.36,344.9,94.21,165.14,26.98,3286.74,96.28,28.06
27.8,32.91,3.97,1.18,2.39,348.4,94.7,167.6,26.98,3205.83,96.55,27.9
28.16,34.25,3.56,2.2,2.03,306.56,91.63,162.95,20.52,3295.04,96.36,27.82
28.06,33.51,3.35,2.72,2.37,330.9,94.34,165.8,26.72,3298.44,96.31,28.45
28.36,32.71,3.32,2.62,2.39,345.8,94.2,166.8,26.8,3298.18,95.73,28.95
27.62,34.5,3.69,2.2,2.39,346.64,94.02,168.05,26.46,3300.85,96.63,28.45
27.39,33.87,3.82,2.29,2.37,346.94,93.99,165.38,26.54,3313.18,96.74,27.84
28.3,34.07,0,1.61,3.54,310.03,94.32,166.93,26.43,3309.19,97.09,27.07
30.06,34.24,0,1.64,4.45,300.5,94.6,166.97,26.13,0,97.42,26.97
30.2,34.08,0,1.54,6.72,199.17,94.46,166.43,26.14,85456.51,96.34,27.2
28.07,34.58,3.68,1.39,2.35,346.11,94.38,166.88,26.36,2949.061429,95.49,26.29
27.24,33.75,3.82,1.36,2.38,343.11,93.94,166.98,26.86,2653.545714,96.64,26.8
27.49,32.66,3.86,1.9,2.36,345.99,94.31,165.06,26.35,1989.35,96.01,27.7
28.49,33.33,3.9,1.96,2.37,347.01,94,165.92,26.19,2473.53,96.12,27.9
27.5,32.41,3.7,1.89,2.38,346.9,94.06,167.4,26.09,2778.54,96.8,27.8
27.6,32.58,3.51,1.98,2.35,345.8,94.03,167.8,25.57,3018.12,93.87,28.16
27.6,33.76,3.4,1.99,2.35,343.7,94.18,97.7,24.85,3165.36,97.4,28.06
27.9,33.91,3.75,2.01,2.35,339.9,94.77,98.07,25.39,3201.04,95.7,28.36
28.16,33.95,3.72,2.03,2.37,339.43,94.18,97.31,24.68,2944.31,97.15,27.62
29.14,34.12,3.91,2.15,2.38,342.6,94.3,97.12,24.41,2846.35,96.61,27.39
28.41,33.58,3.83,1.94,2.37,339.91,94.23,166.06,24.59,2417.36,96.29,28.3
28.6,33.75,3.97,1.51,2.41,336.8,94.31,168.1,25.03,2321.02,96.09,27.49
28.76,34.07,3.89,1.62,2.4,340.53,93.98,167.44,25.03,2774.37,96.76,28.49
28.75,34.5,3.89,1.63,2.39,341.61,95.5,168.11,25.38,3099.25,96.69,27.5
28.38,34.43,3.88,1.53,2.39,340.65,94.25,167.27,25.43,3306.38,96.89,27.6
28.97,34.41,4,1.46,2.29,336.3,94.06,169.03,25.75,3355.93,167.78,27.6
30.16,34.4,3.88,1.44,2.4,331.68,94.22,167.7,25.21,3355.47,167,27.9
29.69,33.91,1.95,0.65,1.4,215,70.09,120.7,8.31,3487.75,166.98,28.16
0,27.33,0,1.77,2.35,342.1,94,163.4,14.24,3442.67,165.7,29.14
29.4,33.88,4,1.77,2.34,343.8,94,165.4,26.54,3399.22,96.65,28.41
29.05,33.67,3.91,1.78,2.36,341.48,94.01,168.92,25.38,3338.77,97.6,28.6
29.58,35,3.8,1.81,2.36,340.8,94,168.75,25.12,3303.82,96.58,28.76
29.51,34.41,3.74,1.98,2.38,337.1,94.01,169.6,26.01,3295.77,97.72,28.75
30.08,33.82,3.93,2.02,2.36,336.7,94,168.7,26.01,3345.43,96.67,28.38
29.5,34.37,3.87,2.02,2.36,332.4,94,167.7,26.18,3315.73,97.62,28.97
29.43,33.87,4.01,1.72,2.29,335.23,94.09,170.81,26.81,3200.8,96.69,30.16
29.33,34.33,3.9,1.6,2.38,339.89,94.51,170.07,26.89,3190.23,74.6,29.69
29.59,34.12,3.92,1.74,2.34,331.9,94.4,170.22,27.25,3099.139677,94,0
30.53,33.62,3.95,1.92,2.34,335.5,94.4,170.97,26.36,96073.33,96.7,29.4
30.19,34.58,3.81,1.89,2.4,333.07,93.78,168.82,27.42,2902.15,98.88,29.05
29.35,33.75,4,1.66,2.39,342.41,94,169.27,27.52,2795.75,98.07,29.58
28.97,33.67,0,1.77,2.32,335.39,93.15,153.19,24.25,2874.38,100.61,29.51
27.82,33.23,3.69,1.97,2.36,344.1,94.22,152.78,25.44,2389.855,99.98,30.08
28.37,33.88,3.78,1.89,2.38,340.41,94.28,132.35,24.86,2453.742,98.1,29.5
29.19,34.33,0,1.34,2.17,313.05,89.62,144.26,22.02,2483.427,103.77,29.43
29.52,33.21,0,1.88,2.36,339.2,94,167.5,24.21,2485.851,102.41,29.33
29.8,33.75,3.8,1.91,2.4,337.4,94.03,169.6,37.32,2484.1,103,29.59
29.86,35.66,3.98,2.04,2.43,337.8,94.02,171.26,27.95,2563.908,103.7,30.53
29.2,35.2,3.88,2,2.37,337.7,93.9,168.6,27.25,2420.262,99.17,30.19
29.8,35.37,3.61,1.98,2.26,336,93.8,164.09,24.5,2511.012,99.53,29.35
29.55,34.98,3.73,1.81,2.42,346.6,93.9,170,27.06,2483.253,100.6,29.8
29.97,35.54,3.67,1.84,2.41,342.42,94,169.96,26.45,2519.037,102.2,29.86
29.69,35.91,3.58,1.95,2.42,340.45,93.98,170.09,26.36,2404.318,98.4,29.2
29.61,34.68,3.9,2,2.43,337.24,94.03,170.9,26.36,2343.589,96.6,29.8
30.12,36.2,3.88,2.01,2.43,337.24,94.03,171.3,26.71,2209.924,99,29.55
29.3,35.8,3.58,1.59,2.41,337.24,93.99,165.4,25.56,2039.269,99.84,29.97
29.71,36.52,4.04,1.55,2.38,337.24,94.04,169.7,26.54,2214.477,99.36,29.69
29.8,35.79,3.76,1.64,2.41,351.6,93.9,167.8,26.89,2334.619,102,29.61
29.5,34.87,3.86,1.69,2.4,355.3,93.99,168.6,26.72,2348.287,102.98,30.12
29.2,34.81,3.7,1.71,2.39,354.1,94,167.6,26.89,2426.133,97.36,29.3
29.98,35.7,3.92,1.7,2.39,357,94.11,167.9,26.89,2331.301,97.46,29.71
29.8,36.41,3.9,1.66,2.42,355.2,94.29,169.2,26.44,2400.409,96.02,29.8
30.01,36,3.9,1.7,2.44,353.8,94.28,169.4,26.72,2433.152,95.5,29.5
29.03,35.82,3.78,1.73,2.45,352.1,94.29,167.1,26.72,2472.12,95.3,29.2
28.55,35.46,3.86,1.86,2.41,353.53,94.29,169.82,27.24,2463.253,95.42,29.98
29.28,35.83,3.76,1.84,2.47,358.36,94.39,169.36,26.54,2473.946,96.6,29.8
27.82,35.37,3.77,1.71,2.44,356.73,94.28,169.8,26.8,2531.97,97.9,30.01
28.8,30.39,0.02,2.06,0.79,212.05,62,127.81,3.89,2483.951,96.5,29.03
28.59,36.17,2.94,1.57,2.39,331.54,95.09,165.62,27.51,2462.563,99.03,28.55
28.47,34.44,3.59,1.16,2.42,338.47,94.35,166.56,26.89,2244.757,96.46,29.28
28.17,34.12,3.7,0.77,2.21,321.47,90.4,159.37,24.15,2407.58875,99.29,27.82
28.42,34.16,3.82,0.93,2.4,331.2,94.32,165.99,27.51,67412.485,70.91,28.8
29.05,34.2,3.88,1.15,2.38,331.51,94.31,170.9,27.95,2468.735,96.02,28.59
29.29,38.29,3.78,1.26,2.4,350.15,94.35,171.57,26.8,2483.698571,97.87,28.47
28.58,35.37,3.85,1.23,2.38,347.77,94.31,168.03,26.98,2273.756857,91.37,28.17
28.24,36.02,3.77,1.22,2.39,345.97,94.31,169.11,26.98,2443.735857,95.95,28.42
29.24,35.29,3.64,1.64,2.34,339.51,0,0,0,0,98.26,29.05
29.7,35.2,3.75,1.93,2.39,339.77,93.95,168.71,27.91,0,99.32,29.29
29.71,35.66,3.77,1.82,2.41,339.78,94,169.56,26.33,3338.9,96.44,28.58
29.62,35.63,3.83,1.69,2.41,354.16,94.12,168.84,26.75,3429.92,98.82,28.24
28.53,34.54,3.09,1.57,2.16,324.59,89.26,161.19,23.29,3423.77,0,29.24
